,songlist,watch_num,sub_num,time,up,url,content
1,【洛天依古风原创曲】权御天下【原创PV付】,432.1,53069,2015-03-05,没有龟壳的乌龟,www.bilibili.com/video/av2075941?from=search&seid=4629155576469581619,"东汉末 狼烟不休

常侍乱 朝野陷

阿瞒挟天子 令诸侯

据江东 志在九州

继祖业 承父兄

既冕主吴越 万兜鍪

纵天下 几变春秋

稳东南 面中原

水师锁长江 抗曹刘

镇赤壁雄风赳赳

夺荆楚 抚山越

驱金戈铁马 灭仇讎

紫发髯 碧色眼眸

射猛虎 倚黄龙

胆识过凡人 谁敌手

御天下 半百之久

选贤臣 任能将

覆江东云雨 尽风流

千秋过 再难回首

问古今 兴亡事

几人耀青史 芳名留

笑谈间 云烟已旧

终留下 万古叹

生子该当如 孙仲谋

运帷幄 英雄几拂袖

阴谋 阳谋 明仇 暗斗

化作一江蜀浪东流

君不见 军赤壁纵野火铁索连环

也不见 御北敌联西蜀长江上鏖战

继遗志 领江东

屹立于 神州东南

尽心力 洒英血

展伟业 剑气指苍天

军帐内 公瑾智 张昭谋 奇策频献

沙场上 太史勇甘宁霸一骑挡十千

纵使有 千万种

寂寞和 孤单相伴

既受终 冠帝冕

龙椅上 成败也笑看

铁瓮城 难攻易守

旌旗立 苍空蔽

逾百千雄狮 万蒙舟

善制衡 眼光独秀

擢鲁肃 劝阿蒙

聚贤成霸业 名利收

固疆土 施德恩厚

军心定 百姓安

富国又强兵 重耕耨

交远好 未雨绸缪

联南洋 合林邑

行军远渡海 驻夷洲

残垣下 枯木凋朽

想当年 梦城边

截兵缚关羽 终其寿

凭栏倚 横看吴钩

叹乱世 几时了

天下归一统 没其咎

称帝王壮心仍稠

却无奈 自孤傲

同室亦操戈 子嗣斗

千年后 恚恨徒留

再何寻 军帐里

将士聚欢饮 赏箜篌

运帷幄 英雄几拂袖

阴谋 阳谋 明仇 暗斗

化作一江蜀浪东流

君不见 吕子明 踏轻舟 白衣渡川

也不见 陆伯言 烧连营 火光上冲天

善制衡 选贤臣 任能将 共谋江山

听忠言 摒逆语 树威严 宝剑斩书案

夺荆州 抗刘备 合曹操 共克襄樊

守夷陵 任陆孙 剿敌軍 火计破蜀瞻

固江河 成帝业 立国家 终归于乱

光阴逝 千载过 功成者 都付笑谈间

君不见 军赤壁纵野火铁索连环

也不见 御北敌联西蜀长江上鏖战

继遗志 领江东

屹立于 神州东南

尽心力 洒英血

展伟业 剑气指苍天

君不见 吕子明 踏轻舟 白衣渡川

也不见 陆伯言 烧连营 火光上冲天

善制衡 选贤臣 任能将 共谋江山

听忠言 摒逆语 树威严 宝剑斩书案

纵使有 千万种 寂寞和 孤单相伴

既受终 冠帝冕 龙椅上 成败也笑看

固江河 成帝业 立国家 终归于乱

光阴逝 千载过 功成者 都付笑谈间
"
2,【2017拜年祭单品】万神纪【星尘原创曲】,194,44277,2017-02-10,康师傅の海鲜面,www.bilibili.com/video/av8506694?from=search&seid=4629155576469581619,"吞吐间是云水泱泱
指尖上是尘土茫茫
我检点五千转飞光
太初混沌一双明目启张
持巨斧劈开这洪荒
开宇疆以叩问三皇
谁将我在琅环阁藏
二十四朝能纳多少篇章
天东有若木
钟山有赤龙衔烛
烧热华夏子民的五脏六腑
射金乌的箭
按在我的弓弦上
无垠霄汉不过英雄的瞭望
焉有火光
取星辰之辉来耀四方
尝百草
也豪饮大泽河渭汤汤
斩断鳌足
立天柱万仞以正玄黄
如今它
仍旧是我挺直的脊梁
鱼龙阵内
我金戈既出无人不降
一战死
留英魂常镇八方万邦
飞鸢为旗
齐迎我驾北斗星到场
中原九万顷
须由我写下历纪第一章
访昆仑也涉西山淇
曾路过彩绘的画壁
或寻至碑铭的典籍
饮罢乾坤喉头犹有热气
常羊山拾一把干戚
九天上乘雾见玄女
骑红鲤在龙门游弋
造三千字道破一点天机
杜若含秋光
九歌一梦起湘江
它在华夏子民血脉中流长
七弦琴悠扬
我共河伯醉一场
借问那玉佩是否还在洛阳
东海浩荡
七尺红绫击排空巨浪
踏金轮
我六瞳之中莲花开放
翅下风雷
芒角昭昭封我为大将
登云行
石烂松枯也不过片晌
三更点灯
照夜来白额猛虎入帐
出岐山
我抬头看见彩凤飞降
招妖幡动
众精怪俯首称我为王
列宿次第开
该由我揭下封神第一榜
羲和的金车走了多长
望舒御月去了何方
我上游银河下走大荒
十二楼听谁将故事弹唱
神话时代
眨眼间曲折成了回廊
千载后
它是我掌心里的纹章
英雄过往
或斑驳在朱漆的画堂
但也在
这山高海阔天地苍茫
焉有火光
取星辰之辉来耀四方
中原上
谁扬鞭策得历纪开章
东海浩荡
七尺红绫击排空巨浪
列宿下
谁留名封神台前金榜
行过昆仑
壶中日月把浊酒温烫
借热意
我笔下漫书琅环典藏
披览篇章
通入传奇作一番荒唐
溯回五千年
任由我自诩万古第一狂！							"
3,【言和】牵丝戏（剧情向）,126,39882,2015-05-18,纳兰寻风,www.bilibili.com/video/av2339931?from=search&seid=4629155576469581619,"嘲笑誰恃美揚威 沒了心如何相配
盤鈴聲清脆 帷幕間燈火幽微
我和你 最天生一對
沒了你才算原罪 沒了心才好相配
你襤褸我彩繪 並肩行過山與水
你憔悴 我替你明媚
是你吻開筆墨 染我眼角珠淚
演離合相遇悲喜為誰
他們迂迴誤會 我卻只由你支配
問世間哪有更完美
蘭花指捻紅塵似水
三尺紅台 萬事入歌吹
唱別久悲不成悲 十分紅處竟成灰
願誰記得誰 最好的年歲
你一牽我舞如飛 你一引我懂進退
苦樂都跟隨 舉手投足不違背
將謙卑 溫柔成絕對
你錯我不肯對 你懵懂我蒙昧
心火怎甘心揚湯止沸
你枯我不曾萎 你倦我也不敢累
用什麼暖你一千歲
風雪依稀秋白髮尾
燈火葳蕤 揉皺你眼眉
假如你舍一滴淚 假如老去我能陪
煙波裡成灰 也去得完美
風雪依稀秋白髮尾
燈火葳蕤 揉皺你眼眉
假如你舍一滴淚 假如老去我能陪
煙波裡成灰 也去得完美"
4,【新曲】真·操戈天下 (洛天依中文 PV附),104.4,12215,2015-06-08,睡狸,www.bilibili.com/video/av2414867?from=search&seid=4629155576469581619,"狼烟四起 战不休
董卓据长安 酒池肉林乐无忧
孝廉出世 志九州
矫诏倡义兵 平定董贼起陈留
面威容 心有鬼谋	
黄巾乱中救 奉迎天子令诸侯	
风流春秋 六合游
铁骑踏平川 席卷八荒威风抖

剑指四方 皆俯首
汉中破马超 征战官渡平凉州
拍案发兵 报父仇	
凡负我之人 斩尽杀绝不可踌
惊雷雨天 煮梅酒
论天下英雄 使君与操二人留
笑谈之间 云烟旧	
沧海传诗篇 碣石今世身影犹

青史册 几笔数春秋	
勿回首 自留七十二疑冢
待后人 何时能看透	

奇袭惊天 乌巢大破袁军十万	
入董营间 只身将七星剑借献
霸业无边 金戈铁马逐鹿中原
亲身征战 兵书作枕火光中眠	

奉孝智仙 万里外已料敌在前	
元让武全 咫尺内啖眼也当先	
不受帝冠 为世人谋太平人间	
机关算遍 谋事在人成事在天

挥手投鞭 断水流	
看星罗棋布 何时才能平争斗	
用人不疑 忠义守	
唯能人是举 高明远识魏武侯	
自削须发 以代首	
严整军中纪 自身不例万人叩	
深情重义 明哀愁	
代为葬关羽 直教东吴孙权羞

叹生苦短 堪回首	
生灵犹涂炭 几多春秋战不休	
天下不定 志未酬	
何时熄烽火 安得繁荣民衣裘	
惜膝下子 怨已久	
同根亦相煎 奈何泣下釜中豆	
千古霸业 不易守	
司马狼顾 自此一留魏不再走	

青史册 几笔数春秋	
勿回首 自留七十二疑冢
待后人 何时能看透	

奇袭惊天 乌巢大破袁军十万	
入董营间 只身将七星剑借献
霸业无边 金戈铁马逐鹿中原
亲身征战 兵书作枕火光中眠	

奉孝智仙 万里外已料敌在前	
元让武全 咫尺内啖眼也当先	
不受帝冠 为世人谋太平人间
机关算遍 谋事在人成事在天
一夫当关 使周瑜江陵无功返
自不贪欢 占半壁江山多少年
扬善惩奸 胸中自有着蜜与剑
岂肯偏安 将心中志向天下宣

奇袭惊天 乌巢大破袁军十万
入董营间 只身将七星剑借献
霸业无边 金戈铁马逐鹿中原
亲身征战 兵书作枕火光中眠

奉孝智仙 万里外已料敌在前	
元让武全 咫尺内啖眼也当先	
不受帝冠 为世人谋太平人间	
机关算遍 谋事在人成事在天"
5,【洛天依民国风】八辈子【PV付】,94.2,42124,2014-07-03,没有龟壳的乌龟,www.bilibili.com/video/av1250752?from=search&seid=218002058262409199,"糯米香 穿过桥洞绕过瓦梁
哼歌谣 和着涟漪轻摇
莲蓬房 着碧绿衣裳
六月过半 我把菱角拾满筐

好乘凉 捧一碟泥螺到桌旁
揣零钱 垆头沽酒二三两
煮薰豆 留半壶温暖
露水煎茶 撒上一把白果碎瓣

和爷爷 划过小船顶上红伞弯过好多弯
那年圆月如今在何方潇洒
谁在望 晚风里的安详
喝下一杯 蛋米小酒思故乡

门前小洛雀 喳喳对话共头顶知了一同扰攘
紧凑针脚把思念绣进荷囊
青梅子 埋进屋后酝酿
偶尔忆起儿时玩伴 时光流水般久长

桂花香 香气勾勒多少过往
捉迷藏 跑过长街短巷
洗衣塘 我双脚清蘸
邻家门口 鱼儿嬉弄笑说痒

雕花窗 窗外看到多少来往
灯笼红 害怕它有天泛黄
收好你 栀子缠手环
只有兜里几块酥糖陪我远方

现在我 行走都市街太漫长没有心思看
那年圆月 如今在何方潇洒
谁在等 离家孩子归还
喝下几杯 无味的酒便回想

四五小儿郎 咬着青团追着纸鸢转了好多转
那年萤光 如今在哪里游荡
矮回廊 我沿着青石砖
枕竹椅听 水声推浆 伴着蛙鸣入梦乡

和爷爷 划过小船顶上红伞弯过好多弯
那年圆月如今在何方潇洒
谁在望 晚风里的安详
喝下一杯 蛋米小酒思故乡

门前小洛雀 喳喳对话共头顶知了一同扰攘
紧凑针脚把思念绣进荷囊
青梅子 埋进屋后酝酿
偶尔忆起儿时玩伴 时光流水般久长
"
6,【洛天依】前尘如梦「新年重制版」（By桜色妖精）,87.1,32351,2013-01-31,唐乐林,www.bilibili.com/video/av456930?from=search&seid=4629155576469581619,"林立楼房 堵得心慌
来往人群 淹没我悲伤 
想远远 离开那喧闹场 
独自回房 空荡荡

灯火彷徨 醉得受伤
月牙凄凉 洒了一地霜
想静静 进入那温柔乡
梦中寻找 看见前世窗 

梦里那座小桥桥头瞧啊瞧（小桥桥头瞧呀瞧）
梦里那个池塘荷花摇啊摇（池塘荷花摇呀摇）
撑一把纸伞 在雨幕中回转
只羞舞给 中意的你看（我情愿）

前世那只小舟湖上泛啊泛（小舟湖上泛呐泛）
前世那张山水水墨染啊染（山水水墨染呐染）
点一盏烛光 在长亭外遥遥守望
流不尽的相思和情长

深夜醒来 泪水成灾
现实还在 我逃避不开
想深深 沉进那轮回海
看见未来 白皑皑

孤影窗台 拭去尘埃
窗外色彩 通通进不来
想快快 找到那唯一爱
牵手漫步 续写今生脉

梦里那座小桥桥头瞧啊瞧（小桥桥头瞧呀瞧）
梦里那个池塘荷花摇啊摇（池塘荷花摇呀摇）
撑一把纸伞 在雨幕中回转
只羞舞给 心爱的你看（我情愿）

前世那只小舟湖上泛啊泛（小舟湖上泛呐泛）
前世那张山水水墨染啊染（山水水墨染呐染）
吹一盏烛光 新房里与郎共赏
说不完的地久和天长

前尘如梦 去猜
永世生生不忘怀

梦里那座小桥桥头瞧啊瞧（小桥桥头瞧呀瞧）
梦里那个池塘荷花摇啊摇（池塘荷花摇呀摇）
撑一把纸伞 在雨幕中回转
只羞舞给 中意的你看（我情愿）

前世那只小舟湖上泛啊泛（小舟湖上泛呐泛）
前世那张山水水墨染啊染（山水水墨染呐染）
点一盏烛光 在长亭外遥遥守望
流不尽的相思和情长
吹一盏烛光 新房里与郎共赏
说不完的地久和天长"
7,【洛天依/乐正绫原创】霜雪千年【PV付/COP】,80.8,6854,2015-10-14,COPY,www.bilibili.com/video/av3060153?from=search&seid=4629155576469581619,"梨花香 缠着衣角掠过熙攘
复悄入红帘深帐
听枝头黄鹂逗趣儿 细风绕指淌
坐船舫 兰桨拨开雾霭迷茫
不觉已一日过半
过眼的葱郁风光 悉数泛了黄

褪尽温度的风 无言牵引中
便清晰了在此的眉目
暮色的消融 隐约了晦朔葱茏

在这老街回眸 烟云中追溯我是谁
只消暮雨点滴 便足以粉饰这是非
待这月色涌起 谁人轻叩这门扉
苔绿青石板街 斑驳了流水般岁月
小酌三盏两杯 理不清缠绕的情结
在你淡漠眉间 瞥见离人的喜悲霜雪

楼阁现 尘飞雾散荧光蹁跹
显露出斑驳石阶
入眼是落英纷然 芳草入深院
凭栏杆 小桌上置琼觞两盏
阖眼听清风疏叶
似曾有欢声笑言 萦绕这高轩

云动寂静鸣蝉 雨坠激漪涟
皴擦点染勾勒这世间
缘起的一眼 定格了三生千年

在这老街回眸 烟云中追溯我是谁
只消暮雨点滴 便足以粉饰这是非
待这月色涌起 谁人轻叩这门扉
苔绿青石板街 斑驳了流水般岁月
小酌三盏两杯 理不清缠绕的情结
在你淡漠眉间 瞥见离人的喜悲霜雪

三月梨花雪 几载开了又败
笔锋走黑白 丹青中穿插无奈
彼时那弯儿月 何时初现于江畔
而我又在待何人

在这亭台回眸 千年后忆起你是谁
只消月色隐约 便足以勾勒这是非
待这回忆涌起 恍惚之间已下泪

枫红十里长街 红帘后谁人蹙着眉
遥梦桑竹桃源 轮回中曾道别的地点
愿今生再相见 消融你眉间悲戚霜雪"
8,王朝、洛天依、空待、咏吟轩、原创、中国风、对唱、DAYS幻梦年华乐团、闲人工作室,78.6,26135,2013-04-18,王朝,www.bilibili.com/video/av539600?from=search&seid=16346803664792718907,"春寒后唯有淡淡余温
相衬蹄后埋香的微尘
剩一句未出口的问
谁得旧时恩

春色如约轻扣故人门
如风轻触吻眉宇间伤痕
最难舍这软红浮生
从未有归程

仿若昨日檐下初逢 十年醉一梦
若来年终于离人瘦损 风雪加身
问年岁 情如薄纱 缘聚敌不过离分
却为何沉沦

谁还在枯坐默默掌灯
点亮这夜静如水的路程
唱彻的歌早已无声
多情累成恨

谁还在勾勒墨色浅深
三千繁华今皆作路下尘
此生做得逸翮孤风
奈何失情真

仿若昨日檐下初逢 十年醉一梦
若来年终于离人瘦损 风雪加身
问年岁 情如薄纱 缘聚敌不过离分
却为何沉沦

空待三月春
终辜负 雁过迹无痕[2]
缘分交织寒彻骨的冷

仿若昨日檐下初逢 十年醉一梦
若来年终于离人瘦损 风雪加身
问年岁 情如薄纱 缘聚敌不过离分
却为何沉沦

仿若昨日檐下初逢 十年梦一生
若来年终于往事封尘 大梦初醒
问年岁 情如薄纱 缘聚敌不过离分
却为何沉沦

却为何沉沦"
9,洛天依大舞台首秀！小年夜晚会唯美演绎《花儿纳吉》,62.3,10106,2016-02-02,芒果TV动漫,www.bilibili.com/video/av3736601?from=search&seid=16346803664792718907,"远方的朋友 你唱的是什么歌

最高最远是天外天 高天之上有神仙
日月就在那天上住 保佑脚下的孩子们好吃穿
山连山来水绕水 山水养育了五谷肥
最好的米来最好的泉 等那最好的美酒 酿三年

一敬天来风雨调 二敬大地长禾苗
三敬太阳再敬月亮 来吧这一杯敬的是远来的客
穿花的蝴蝶翩翩飞 咱家的贵客你干一杯
先祝祖先再祝爷娘 还有这一杯祝的是 友谊长

花间的蝴蝶一对对 贵客倒没醉我先醉
心里头想的是一万句 到了嘴里头唱的 是花儿纳吉
花成双 鸟成排 柔肠百结口难开
远远听见了歌声 悠悠来 节节木儿塞

赫喽 赫喽 大山喽巍巍 小河淌潺潺
那姑娘美如水 那后生壮如山
心中藏着一篓的话 想说又不敢
听见歌声悄悄抬头看 节节木儿塞

仄喽 仄喽 漂亮的妹妹 跟我来唱山歌喽
我随你来唱山歌喽 就
你唱我来和
我唱你来和

歌声溜溜打成了结 把你的心来牵
牵我牵你
牵山牵水
一牵就一千年 节节木儿塞

远方的朋友 你唱的是什么歌

赫喽 赫喽 大山喽巍巍 小河淌潺潺
那姑娘美如水 那后生壮如山
心中藏着一篓的话 想说又不敢
听见歌声悄悄抬头看 节节木儿塞

仄喽 仄喽 漂亮的妹妹 跟我来唱山歌喽
我随你来唱山歌喽 就
你唱我来和
我唱你来和

歌声溜溜打成了结 把你的心来牵
牵我牵你
牵山牵水
一牵就一千年 花儿纳吉"
10,【洛天依乐正绫】白石溪【原创曲PV付】,59.6,13530,2016-01-27,純白,www.bilibili.com/video/av3675122?from=search&seid=4629155576469581619,"微露点滴 沾衿落袖
丽日绰约 轻解莲舟
蒹葭荣茂 燕雀啁啾
白石溪畔 斜阳逐流

可嫌金风玉露 兼程久
灵犀心念 便相谋
前路崎岖躞蹀攀援 亦同守
共你百年暮昏 到白昼
依山临水 景看旧
而你美胜山水万筹 尽入一人眸

琴瑟愿与 共沐春秋
滢溪潺潺 炊烟悠悠
敢请东风 玉成双偶
遥递佳信 知否知否

为理云鬓 为簪银钩
明月可鉴 情深亦寿
此生相依 人间白首
千金不易 清茶淡粥

前缘既断 便再无求
云泥之异 难越鸿沟
相思不扫 久积弥厚
他年君归 我葬南丘

逢春枯木忽生 花飞柳
纷纷绵绵 结作愁
随风四散却又轻易 染眉头
当时一双鸳鸯 入深藕
荷香绕水 乐同游
月下花前本来无酒 对看竟忘忧

何年何夕 两相执手
蚀骨相思 风侵寒透
仙人近侧 怕倚小楼
金缕为笼 歌乐成囚

凉夜凄长 应怨更漏
数得千枚 零落红豆
遗君一心 一心怎收
杳渺音绝 余我孤奏

何年何夕 共沐春秋
银汉邈邈 炊烟悠悠
敢请东风 小住暂留
托书天地 安否安否

尘心如练 长悬银钩
鱼雁不闻 斯人难候
九霄一曲 人间白首
隔世相问 忆否忆否
"
11,【洛天依】中华墨水娘【原创曲】【Sodatune】,47.1,14679,2013-09-08,純白,www.bilibili.com/video/av752112?from=search&seid=4629155576469581619,"雾蒙蒙 城头上 玄月下
指尖 轻拭过 脸颊的 旧伤疤
路隐隐 旧马车 浅泥洼
嘴角又勾起稀疏的短胡茬

杀 厮杀 厮杀 千万年恩怨 终归于剑下
杀 厮杀 厮杀 刀光的酬酢 我蘸血为画

莫笑 旧衣衫 旧长剑 走过天涯
且看 风为屏 草为席 天地为家
意气 刀之尖 血之涯 划过春夏
把酒 一生笑 一生醉 一世为侠
一剑 一瞬间 一眨眼 事了不见
只见 琉璃片 房瓦间 留下墨点
闻听 说书人 也曾将 故事杜撰
听罢 取壶酒 踏歌去 醉意阑珊
       
雾蒙蒙 城头上 玄月下
指尖 轻拭过 脸颊的 旧伤疤
路隐隐 旧马车 浅泥洼
嘴角又勾起稀疏的短胡茬

杀 厮杀 厮杀 千万年恩怨 终归于剑下
杀 厮杀 厮杀 刀光的酬酢 我蘸血为画

莫笑 旧衣衫 旧长剑 走过天涯
且看 风为屏 草为席 天地为家
意气 刀之尖 血之涯 划过春夏
把酒 一生笑 一生醉 一世为侠
一剑 一瞬间 一眨眼 事了不见
只见 琉璃片 房瓦间 留下墨点
闻听 说书人 也曾将 故事杜撰
听罢 取壶酒 踏歌去 醉意阑珊

莫笑 旧衣衫 旧长剑 走过天涯
且看 风为屏 草为席 天地为家
意气 刀之尖 血之涯 划过春夏
把酒 一生笑 一生醉 一世为侠
一剑 一瞬间 一眨眼 事了不见
只见 琉璃片 房瓦间 留下墨点
闻听 说书人 也曾将 故事杜撰
听罢 取壶酒 踏歌去 醉意阑珊"
12,【Days】三月雨（重制版）-洛天依,45.6,13259,2012-09-28,Days的Wing翼,www.bilibili.com/video/av364108?from=search&seid=4629155576469581619,"细雨坠 烟水蒙蒙微醺谁人醉
春风吹 山路重重飘渺难回
柳絮飞 暗香阵阵枝头吐新蕊
烟花碎 相思幕幕别离憔悴

绵绵春雨到 无期
漾起心湖水中影
回首你我曾经 在梦里
仍纯净似琉璃
又是一年春 花季里
随风飘零无踪迹
时光匆匆离去 寻觅
难续前世之缘点滴情

念往昔 我急旋慢转你抚琴低吟
到如今 重唱此曲却已无你
莫叹息 我再舞一曲你意乱情迷
空余忆 良辰美景多可惜

往日歌樓頭，你我曾同遊。且聽君琴悠，且舞我雲袖。
今日穿時空，唯吾獨自留。無緣再聚首，不盡相思愁。

倾杯醉 化蝶儿飞
飞去寻百年来相思
泪珠碎 只盼入睡
睡梦中此情可追回

念往昔 我急旋慢转你抚琴低吟
到如今 重唱此曲却已无你
莫叹息 我再舞一曲你意乱情迷
空余忆 良辰美景多可惜
韶华逝 今朝不知在哪里
光阴错 明日心往何处依
仲春期 轮回百转只为你
三月雨 千丝万缕长相忆"
13,王朝、洛天依、君临天下、原创、中国风,44.8,4741,2015-10-01,王朝,www.bilibili.com/video/av2982417?from=search&seid=4629155576469581619,"十年　像是一场噩梦
我一直等待著醒来的那一天
我归来时
城若阻我　我便拆了那城
官若拦我　我便宰了那官

山海铁蹄下　翻手覆雨没黄沙
白衣卿相　谢了风流花
烈火葬国都　故里青山两相顾
十年大梦　爱恨破浮屠
弦上箭裂悲风　旌旗书吾名

彼时以墨作尘此时烽火战鼓震星辰
三尺青锋弑了多少不归人
亡鸦不渡寒塘惧我绛衣共雪尘
换来声名加身君临天下城

弃我昔时笔　千军著我战时衿
江山社稷　兴亡因我起
杀色浮寒瓮　一纸折扇多少恨
犹枕南柯　良人似初分
漠上雁送归鸿　腥风掀征程

彼时以墨作尘此时烽火战鼓震星辰
三尺青锋弑了多少不归人
亡鸦不渡寒塘惧我绛衣共雪尘
换得声名加身君临天下城

彼时以墨作尘此时烽火战鼓震星辰
三尺青锋弑了多少不归人
亡鸦不渡寒塘惧我绛衣共雪尘
换得声名加身君临天下城

彼时以墨作尘此时烽火战鼓震星辰
三尺青锋弑了多少不归人
亡鸦不渡寒塘惧我绛衣共雪尘
换得声名加身君临天下城"
14,【洛天依 乐正绫原创】落花霁【PV付/砖厂浪人】【幻月音乐团x大司乐府】,44.7,7022,2016-05-02,砖厂浪人,www.bilibili.com/video/av4537133?from=search&seid=10847060334511268258,"梦中的那个身影是谁 手心残留温热的眼泪
倘若三世如流水 一去向东不复回
曾盼得人心欲碎 却未见君颜归
又是一年桃花开正美 指尖流淌微风的细碎
倘若三世如流水 此情一梦难追回
如今望向你眼眉 却看不到那熟悉的谁

落花也有泪 敲得人心欲碎
恍若隔世的谁 不再为君憔悴
落花也有泪 就将这片心融化成灰
枉凝眉 若崩溃 是否无悔

你身旁的那个人是谁 仿佛有着迷人的眼眉
如果这一切终将成为 相忘于今世的伤悲 
曾盼得人心欲碎 如今幻化成灰
桃花芬芳枝头吐新蕊 却奈何在寒风中枯萎
如果这一切终将成为 此生无法背负的罪
莫留下催心的怼 在岁月中轮回

曾许下年少诺言 与你共相随
到如今四目相望 陌生了年岁
让这一湖的春水 融化成眼泪
化成春雨 梨花中纷飞
是多么令人唏嘘的凄美

你眼中带着笑 掩盖不住悲伤
同心鸳鸯图上 只见你心血在飞
不再为你落泪 不再为你心碎
为你崩溃 相忘于这一生 不再轮回
春寒未过 桃花已落 是否无悔"
15,【洛天依原创】本色【PV付】,44.6,14181,2015-11-11,HTT123456789,www.bilibili.com/video/av3203599?from=search&seid=4629155576469581619,"天生妩媚风流俏模样
偏嫁五尺短儿郎
谷树皮 三寸丁
夜夜空对 枉自结愁肠
生就娉婷袅娜好身段
若为娼 无妨
冠花街 压群芳
身无所拘 心无疆

斜阳含羞越花窗
浮云带怯偷眼望
美人微醺衣半敞
青丝半绾慵倚床
星眸初泛潋滟光
檀口轻启吐兰芳

金风玉露相逢晚
银盘斜偎乌云漫
轻拢慢捻挑抹忙
娇莺应和啼婉转
金莲颤 青葱缠 享合欢
涓涓露滴湿牡丹
翩翩粉蝶暗偷香
倒浇红烛夜行船
鱼水同欢赴巫山
长睫倦 媚骨软 再贪欢

鸿儒白丁正襟议伦常
酒阑横卧温柔乡
赏郑声 话高唐
男儿本色 矫饰冀流芳
未将妇德女戒正眼望
有缘人 放浪
千夫指 又何干？
休要辜负 好皮囊

斜阳含羞越花窗
浮云带怯偷眼望
美人微醺衣半敞
青丝半绾慵倚床
星眸初泛潋滟光
檀口轻启吐兰芳

金风玉露相逢晚
银盘斜偎乌云漫
轻拢慢捻挑抹忙
娇莺应和啼婉转
金莲颤 青葱缠 享合欢
涓涓露滴湿牡丹
翩翩粉蝶暗偷香
倒浇红烛夜行船
鱼水同欢赴巫山
长睫倦 媚骨软 再贪欢

帐暖良宵短
天色忽已晚
忙着罗袜重整装
倚门回首 带笑含情央"
16,【洛天依原创】忆红莲,38.7,11685,2013-08-29,姆QB,www.bilibili.com/video/av737481?from=search&seid=4629155576469581619,"
回顾　皎月晦明灯花孤
抬眉　初红莲风袖袅娜为谁舞
回顾　蓦然步转青石路
还在水榭畔　画楼处

回顾　笔染朱砂轻莲步
经年　依稀一曲然为君舞
回顾　来年再恨相思误
还在水榭畔　画楼处

是你衣白衫如初　我红裳如故
是我尝相思味苦　我为你起舞
是我贪恋却踟蹰　你原地痴伫
还在水榭畔　画楼处

长安城之北，约行一百里，一府邸临于繁市之中，其府光洁绚丽，金块珠砾，名曰乐正府，
府中红莲长开不败，逞娇呈美，府主对其甚是喜爱，红莲为报主人爱怜之情，特化为人形陪伴府主左右，两人风情月思，情投意合，
奈何红颜命薄，光阴荏苒，红莲已逝，而府主纵然魂萦梦断，也不得再见红莲......

如初　倚君共忆当年舞
红莲　清泪两行欲吐半点却无
如初　是你杳然若绯雾
还在水榭畔　画楼处

是谁衣白衫如初　谁红裳如故
谁人抚琴红莲赋　又见谁一舞
谁人贪恋却踟蹰　半池犹荣枯
还在水榭畔　画楼处

依然水榭畔　画楼处
"
17,【洛天依】三千世界鸦杀尽【原创曲PV附✿】,38,4672,2012-11-23,花之祭P,www.bilibili.com/video/av400161?from=search&seid=4629155576469581619,"夜寂夜鸦起 夜息夜鸦寂
夜息 伴君起且为君着轻衣 辞去
不过朝夕 却 恍若三季

雪 纷飞杨柳岸
看 谁家纸鸢 遥盼
风 扶摇青云巅
君 何时再 还

盼到红霞漫斜阳醉天边
再 重拾羽衣轻点眉间
为君舞歌一曲纤云鹊桥仙
与君共醉樽前
今朝连夜雨飘摇落巫山
谁管他断了的红线
只恨那夜鸦声轻葬了缠绵
也葬了半世缘

夜寂夜鸦起 夜息夜鸦寂
夜息 孤影寂凭栏叹晚风急 别离
已过三季 却 恍若朝夕

燕 堂前雨喃喃
花 叶下缱绻 纸鸢
线 似断也未断
君 此生不 见

遥叹我不过歌舞青楼间
君 墨染弦风流过青衫
世流言 事难全 夜夜共婵娟
夜夜夜鸦阑珊
君尝言 执长剑 灭杀鸦三千
春花共秋月与我踏遍
雨声乱 玉笙寒 挑灯又翻看
君予我的画卷

帆 彼岸携手流年 渐行渐远
我 焚琴断弦 只身游遍 山河万千
笑 不似彼时孤寒 他乡夜暖
忽 风起鸦声渐渐 吹落谁的泪眼
"
18,【洛天依古风原创】呓语红尘（一梦千朝续作）,36.1,16948,2015-04-30,没有龟壳的乌龟,www.bilibili.com/video/av2273527?from=search&seid=4629155576469581619,"黄梅雨声声叩心门
点芭蕉愁煞了离人
漆窗上斑驳着绛粉
比我憔颜红泪乱妆痕

盘桓过幽径草莘莘
颦蹙间冷暖谁过问
煮淡酒闺中我独斟
酣言呓语模糊了红尘

梦游桃源落英错纷纷
修筠苍翠叶底几头新笋
黄莺婉啭阵阵
凡世流言蜚语耳无闻

仿佛 遁入仙境雾霭正氤氲
苍柏劲松万千聚植成林
闲情逸致几分
登高长啸踏歌赏良辰
归本真

梦骤醒孑然回如今
帘外雨落花杳无音
石砖上溶蚀着洼印
似我日渐消瘦骨嶙峋

望不见城府有多深
守空阁今朝谁探寻
形影单茕茕立一身
只得执酒醉看这红尘

醉看桃源花雨落纷纷
茂林修竹春泥顶出新笋
燕子间关阵阵
坊间乱耳丝竹何处闻

欲拟 驾鹤云游蓬莱雾氤氲
松柏入石遍山斜矗成林
而今醉意几分
于此尽欢纷扰暂不论
忘红尘"
19,言和原创《言氏战鼓》,31.5,6262,2014-10-06,ilem,www.bilibili.com/video/av1596545?from=search&seid=16346803664792718907,"风沙 绵延如画卷
伤疤 盛放如雪莲
铁马 疾走如闪电
枪花 斡旋乾坤转

拔刀定江山 言氏战鼓一槌天地颠
酌酒敬苍天 敢问英雄可在人世间
斜阳漫染 遍野红连天
妆点河山 今朝更好看

长枪 银光灼寒芒
边疆 驱虎以吞狼
远方 登高回头望
还乡 王师凯歌唱

策马跃山巅 言氏战鼓一声天地颤
仗剑走平川 安得豪杰与我试比肩
期盼何时 卸甲以归田
马放南山 逍遥似神仙

拔刀定江山 酌酒敬苍天 [铁马 疾走如闪]
策马跃山巅 仗剑走平川 [枪花 斡旋乾坤]
拔刀定江山 酌酒敬苍天 [远方 登高回头]
策马跃山巅 仗剑走平川 [还乡 王师凯歌]

[美哉，我华夏百万里江山大好]
拔刀定江山 言氏战鼓一槌天地颠
策马跃山巅 言氏战鼓一声天地颤
酌酒敬苍天 敢问英雄可在人世间
[壮哉，这炎黄十亿员龙子龙孙]
仗剑走平川 安得豪杰与我试比肩
期盼何时 卸甲以归田
[母亲，万寿无疆]
马放南山 逍遥似神仙
马放南山 逍遥似神仙"
20,【星尘】海棠仙4.0【原创曲PV付】,28.9,7735,2016-04-29,純白,www.bilibili.com/video/av4497808?from=search&seid=4629155576469581619,"拼凑着残破的竹简
塍录下看不懂的字段
晦涩古老的字句之间
流淌着悠远的思念
思念着千年前那一场雨
乘着风洋洋洒洒飞向大地
全世界预见了这一季花期
而我在海棠树下遇见了你

看春风　和着雨　浩如烟
看繁花　烟雨中　更绚烂
我执笔　在树下　记录着从前
你却问　我可是　海棠仙
小巷里　让细雨　穿成线
浸透在　海棠色　的华年
你和我　漫步过　滴水的屋檐
描绘着　不存在　的永远
穿越千年　草长飞莺　与你手儿牵
隔着时空　为我写下　最美的画卷

看着那阳光下海棠的雨
乘起风洋洋洒洒翱翔天际
就像谁都留不住片刻花期
你我也逃不掉最后的别离

看春风　和着雨　浩如烟
看繁花　烟雨中　被吹散
我执伞　在树下　合上了书卷
别过了　海棠花　开渐渐
小巷里　让细雨　穿成线
浸透在　海棠色　的华年
古巷里　我抚过　锈绿的铜环
回忆着　你说过　的永

看春风　和着雨　浩如烟
看繁花　烟雨中　更绚烂
我抬手　在树下　拼凑着竹简
摩挲过　你等待　的千年
心中是　爱你的　海棠仙"
21,【洛天依原创】扬州殇【咏吟轩】,27.9,6855,2013-09-12,浓稠铅笔酱,www.bilibili.com/video/av756287?from=search&seid=4629155576469581619,"绿杨 巷陌秋　风起瑟瑟凄凉
追念 镜湖上　晚花行月小舫

春风翠叶青花
疏篱红砖新瓦
当年杜郎俊赏　遣怀歌尤唱

吟一曲《扬州慢》鬓已老
桥边红药 也难抵这岁月刀

年少轻狂　潇洒墨扬　空得虚名一场
十年匆忙　国破只留残墙
念这兴亡　叹这过往
若年华容得我嚣张
愿将这竹笛换作血马缨枪

衰草 寒烟淡　雾勾惘惘思量
遥想 边域狼　戍楼吹角城长

肃风翠凋红落
腐木黑云黄沙
如今二十四桥仍在　人惆怅

唱一首《凄凉犯》恨不孝
胡马窥江 身不在心如焚烧

寒雪冻疮　飞石迷瘴　纵惹珠泪盈眶
十年茫茫　长恨对月独怆
念这兴亡　叹这过往
若年华容得我嚣张
愿将这笔墨换作铁甲酒囊

昨夜尤惊梦
今朝尚难醒
竹笛斩敌首
笔墨收广陵

棹移慢桨　新月中当　行舟倒影憧幢
一眼荒凉　再叹亦是神伤
感这兴亡　放这过往
如东去的江水流淌
纵白发苍苍　报国心尚痴狂"
22,【言和原创】刀剑春秋 2014 ver 天枢project【litterzy】【pv付】,27.8,11720,2014-02-05,litterzy,www.bilibili.com/video/av946273?from=search&seid=4629155576469581619,"孤灯下一管烽烟写前朝
汗青里壮士肝胆不会老
百世功过在铁笔中铸造
悬千金一字无惧世人告

只身向斜阳问故老
一路戴星月存芳草
纵然功名尽去同侪讥我清高
藏诸昆仑待后人瞧

笔似刀 见血方高 斩尽浮华才能称好
心似刀 玉陛之下 不为折腰
笔似刀 能断分毫 春秋曲直如明镜照
心似刀 逝水之上 刻我名号

三生淬炼笔墨锻龙雀刀
随作古英雄纵马向天笑

不辞追疾风问劲草
一心向青山听鼓角
纵然红尘见弃俗人斥我狂傲
藏诸昆仑待后人瞧

笔似刀 见血方高 欲斩妖星乘虹冲霄
心似刀 千军之前 肯把头抛
笔似刀 我一肩挑 往苍茫辟地厚天高
心似刀 如贯山岳 不动不倒

身似刀 已无脂膏 独立风中难挽形销
心似刀 沥我碧血 书我情操
我似刀 能断分毫 不能改滔滔世间潮
心似刀 墙上岁月 霜冷一鞘

笔似刀 见血方高 欲斩妖星乘虹冲霄
心似刀 千军之前 不为折腰
笔似刀 我一肩挑 往苍茫辟地厚天高
心似刀 如贯山岳 不动不倒"
23,【洛天依原创】染殇【初投稿】,27.3,5212,2013-10-24,Ddickky,www.bilibili.com/video/av807817?from=search&seid=4629155576469581619,"春雪空蒙万里霜
凝阶挂枝尽苍茫
一纸红伞步彷徨
回首白衣染竹香

遥望山色杯茶凉
空潭何处对影双
远黛勾不出你的脸庞
望不尽的红尘荒唐

微风在耳边诉说着过往
回忆斑驳了月光
绽放千年的寒霜
换你红尘梦绵长　不枉

寒湖迟暮画屏香
晕墨纸上谁模样
青灯诉不完离殇
几度思量却无常

往时旧影谁来访
梦醒戏散无人唱
百年盟誓的相约一场
盼来的是擦肩无望

微风在耳边诉说着过往
回忆斑驳了月光
绽放千年的寒霜
换你红尘梦绵长　不枉

缘深缘浅孤影长
一抹相思染旧窗
"
24,【洛天依乐正绫】阳山绝2.0【原创曲PV付】,27,3210,2017-02-05,純白,www.bilibili.com/video/av8410906?from=search&seid=4629155576469581619,"瓦砾难寻 迫得众庶离散
红尘黄泉 阴阳两不相见
若需一死偿还尽 是非恩怨
阳山此长绝 终无不散之筵

茫茫华夏热土 所经之处
有多少人 白骨成灰
点阅简策千卷 气运轮回
又多少年盛衰兴颓
遍历山河大川 江左行船
遥知二处 昔为吴越
嗟叹史家无常 风云起灭
现乱世豪杰 跃然眼前

月下抚名器 君子与月齐晖
今即藏瑾瑜 如晦

可怜军士 五千落入重围
怎改定局 兵败皆如覆水
老骥长嘶 窄袖难拭征人泪
孤饮再一杯 城门外直去不回
屈膝 男儿为何而跪
梁上悬胆 尝遍至苦滋味
是荣是辱 合棺才论是与非
休妄言

下越意欲北进 以承霸业
展宏图志 逞快中原
亲眷猛虎在侧 恍然未觉
竟戏之如隶 不闻忠谏
舟师无暇顾 风波定兴阑珊
置宫室眷女 贪欢

瓦砾难寻 迫得众庶离散
红尘黄泉 阴阳两不相见
殷切献情 谁料一朝堪为患
倘惜取英才 又何至结此厚怨
亦知 肆行终归留憾
今去大势 痛思未可重来
可恨自恃 不解忠肝
子胥前 愧无颜

争名逐誉 挥血如褐不竭
惶惶终日 谁愿兵戈相见
老骥长嘶 窄袖难拭征人泪
孤饮再一杯 城门外直去不回
古今 终无不散之筵
幸得史书 留我半字狂言
是荣是辱 合棺才论是与非
谈笑间"
25,【洛天依·乐正绫系列曲】惊蛰（节气物语）【pv付】,26.7,1021,2016-03-05,桑葚上的猴子,www.bilibili.com/video/av4018994?from=search&seid=4629155576469581619,"风儿微起 拂过了清溪
谁家桃树的枝儿上 开蜀锦
何处雷鸣 惹得蝶儿起
漫步在丛中 散去了 春泥
在丛林深处感受 春日气息
睁开这双眼眺望 遥不可及
在蝶儿身边感受 细细雨滴
在黄鹂翠鸣中 相忆
啊 春日的气息
啊 微凉的空气
啊 落下的雨滴
啊 梨香的回忆

风儿微起 拂过了清溪
谁家桃树的枝儿上 开蜀锦
何处雷鸣 惹得蝶儿起
漫步在丛中 散去了 春泥
在丛林深处感受 春日气息
睁开这双眼眺望 遥不可及
在蝶儿身边感受 细细雨滴
在黄鹂翠鸣中 相忆
啊 春日的气息
啊 微凉的空气
啊 落下的雨滴
啊 梨香的回忆"
26,【洛天依原创古风】一梦千朝【南北组穿越恋爱】,25.5,5629,2015-01-10,没有龟壳的乌龟,www.bilibili.com/video/av1874892?from=search&seid=13348715207099616047,"江南春水绕 过石桥
桥下船儿两头翘
波浪摇 柳絮飘
飘来喜鹊枝头闹
河畔浣衣浸夹袄
水光粼粼映叶茂
转回身 颜相照 对目瞧

你话语轻描 似相告
顾自迷路惹人恼
怎落脚 无依靠
孤单漂泊身潦倒
面生窘意心儿焦
眉间愁容颇俊俏
情难却 付欢笑 忙相邀

与你 泛起轻舟顺流而下撑起一只长篙
漫步丛间赏遍野花分外的妖娆
细雨摇 抹不掉 青春年少
似梦 仿佛春色永不消
伴我 踏遍千山渡过万水直到天涯海角
隐居深林不去过问红尘的喧嚣
忘不了 这一秒 你的微笑
回眸 喜情悦色上眉梢
春光正好

【顾此之时，念彼之诗；】
【所幸遇伊，命中心识。】
【我本千年后之人，因故以滞回于此。】
【今当离，愿珍重。

转眼秋天到 风萧萧
吹落柳叶四飘摇
徒寂寥 何处找
未来人儿回今朝
独自空把庭院扫
却闻啁哳相思鸟
茫然顾 面枯槁 心儿憔

人言命难逃 事难料
昔日如胶今分道
秋风悄 似剪刀
刀刀戳心催人老
忆起那时你的笑
回味曾经的拥抱
自酌酒 入酣梦 度此宵

梦里 与你泛舟顺流而下撑起一只长篙
携手看那漫山野花格外的妖娆
恍惚间 找回了 青春年少
空愿 保留春色永不消
徒想 与你相伴一去不回飞到天涯海角
隐居桃源白头不顾尘世的喧嚣
夕阳下 你与我 相视一笑
此生 唯有你在我心梢
一梦千朝"
27,【洛天依古风原创】灞柳风月【PV付】【FP捂脸社】,24.1,7908,2015-11-20,希望索任合资T-L-S,www.bilibili.com/video/av3250177?from=search&seid=13348715207099616047,"清辉散　月微寒
落寞情思枫林丹
望不断　塞雁高飞烟水寒
秋风尽　木若空
夕阳晚照已成梦
遥闻帘外晚松声
泪几重

木檀香　泪沾裳
卷帘遥月空叹望
不思量　千里何处话凄凉
留香醉　胭脂泪
灞柳风雪幻成灰
风清月冷人不寐
长相随

灞柳雪　柔情空寂月光中
春归后　还不见你微笑灿烂的音容
人憔悴　萋萋芳草待王孙
何时归　归去　板桥霜月　寂寞青阶空逝悲

清酒淡　月初寒
帘外秋枫几重山
寻不见
醉卧一帘风月闲
夜清泠　雨滴声
泪落空街泣到明
芭蕉夜雨点滴情
何时宁

络纬啼　促织伤
倚桂晓梦落钱塘
伫寒江
十年生死两茫茫
凭栏望　泣空窗
梦魂千里两相望
梦断何处话凄凉
月昏黄

灞柳雪　月光静寞也凄凉
柳絮飞　打不开你孤单零落心扉
再回首　清泪已结三秋霜
空凝望　千回　归雁洛阳　还念秋意何时归

当华年已逝　看不见那年离别时飘落过的风雪
道轮回几度　还忘不了在折柳时那夜雨点滴声

灞柳雪　柔情空寂月光中
春归后　还不见你微笑灿烂的音容
人憔悴　萋萋芳草待王孙
何时归　归去　板桥霜月　灞柳风雪待君归"
29,【原创曲】洛天依「一梦千寻」,21.5,3923,2016-01-08,T2o,www.bilibili.com/video/av3539196?from=search&seid=16346803664792718907,"三月的小雨 在惊蛰后的夜里
敲打着离人在渡桥上残存的回忆
油纸伞上的花瓣随着夜风散去
但为蜉蝣般的绚烂无所顾忌

翻涌的思绪 像走马灯般来去
有些怀念因为太不可触及而逡巡
繁华三月里数不尽的夜樱凋零
如同往昔再绚烂也无法追寻

今宵一墙红晕一夜风雨一簇落花吹满地
吹不落夏夜蝉鸣终将来临的音信
明朝一庭春熙一片绚丽辗转成春泥
一梦清明一夜千寻终成忆
缠绵在雨夜里

待到春风起 原上青草又离离
城外堆积千万里新绿如云红似锦
庭前花露重清风卷不起的落英
依然守在窗外等离人的归期
檐下的沉吟 像琉璃灯的碎影
只凭残言断句道不尽绵绵的叹息
繁花三月里数不尽的夜莺争鸣
为君弱水三千里只取一瓢饮

今宵一墙红晕一夜风雨一簇落花吹满地
吹不落夏夜蝉鸣终将来临的音信
明朝一庭春熙一片绚丽辗转成春泥
一梦清明一夜千寻终成忆
徘徊在雨夜里

(さくら さくら)
绚烂终究敌不过花期
终将过去
(舞い狂い咲く花)
　　
(さくら さくら)
取一尺离愁别绪
徘徊在雨夜里
(风に降り散る古の花)"
28,韶华未既,21.5,1275,2016-02-13,風守miNado,www.bilibili.com/video/av3829202?from=search&seid=13348715207099616047,"云逸曳 琼月翩跹
龠声咽 忆晴雨流年
和乐清浅 子着芳霏而欲掩
哀桃花绪烨 行书以鉴

遍寻桔枳而缘木 顾颦蹙 唯愿笑靥驻
风影渐簌 以白绢为约 夙夜思情梏
泣渐沾襟而袂濡
落云岑 锁玲珑 
犹认芳华谨舞

寻若木之遥远兮 随飘风缭转而行
渚畔白鸟纷飞兮 落云岑寻陆离风影
儃佪寻虹兮 伤悲风拂过凝霜渐起
唯恋子心 而折渡此缘结
时亦冉冉 而韶华未既

晨起露 日居月诸
巡子于归 遍凭难诉
风雪尽覆 与此心斩余雾
试植梓为期 掔发以纾

心婵媛而无所 遂从流 留芳泽沃若
还愿侧身 以玄鸟之资 缤纷此尘荏
微霜降而不自忱
流年过 情意深
为君决此心谂

负夏蒲而解羽兮 红妆纷蕰梦飘零
抚苏筝而鸣纬兮 诗楚歌志久远随行
魂俇而灵行 知血泪将染篱落梓里
愿首邱桃下 誓姊于此命
心悲怆 了然枉却此行

褰裳渉旖旎 桃花纷飞楚雨
辗转汜水绪风 看破繁花别离
殇于心 何以苏世独立
以韶华之年宛君心

临夏芳菲溢 下幽晦兮缘起
子迁逡而行 然情容与而不进
眝绯印 忆昨年之轩渠
桃纷飞 是唯心所取

望鸾鸟纷飞 心震悼兮悲鸣
何以续前缘风雨散 悲绪风霏
殇于心 何以苏世独立
以韶华之年宛君心

冬至灵思陨 相鸣泣归缘起
子迁逡而行 然情容与而不进
叩绯印 忆昨年之轩渠
桃纷飞 是唯心所倾"
30,【洛天依·端午贺】一品粽【原创词曲PV】,21.3,4005,2013-06-08,康师傅の海鲜面,www.bilibili.com/video/av595218?from=search&seid=13348715207099616047,"嘿　哈
竹叶粽　艾香粽
展青箬携来一线红
枣栗豆米裹其中
四海桌今朝同　嘿
莲蓉粽　蛋黄粽
五色丝结串九子粽
味甘莫若甜茶粽
飨客以几对笼　哈

挂艾蒿　邪毒不必　侵扰
五芳斋　百里可闻　声笑
戴豆娘　绣球繁缨　缀彩绦
金虎跃钗头　巧手纳樱桃

端阳撷芳兰流香满晴川
一笑向杯盘
百舸争流游龙探
佳节榴花繁

蜜饯粽　八宝粽
白莹玉软香金盘送
蜂蜜凉粽属玲珑
菖蒲酿清尊共　嘿
惊蛟龙　击鼓钟
竿头彩旗开引霓虹
劈浪千层竞疾风
雄黄酒来一盅　哈

千年望　忠魂濯于　沧浪
念故人　清风也敬　一觞
应抬笔　挥墨还写　江水长
当轩知槿茂　向水觉芦香

竹叶粽　艾香粽
展青箬携来一线红
枣栗豆米裹其中
四海桌今朝同
莲蓉粽　蛋黄粽
五色丝结串九子粽
味甘莫若甜茶粽
飨客以几对笼　嘿

蜜饯粽　八宝粽
白莹玉软香金盘送
蜂蜜凉粽属玲珑
菖蒲酿清尊共　哈
端阳撷芳兰流香满晴川
一笑向杯盘　嘿
会逢浪打五月岸
不道江水寒　哈

惊蛟龙　击鼓钟
竿头彩旗开引霓虹
劈浪千层竞疾风
雄黄酒来一盅
大华夏　一品粽
千百路江河渡游龙
响彻鼓钟声向东
雄黄酒再　来一盅

老板　再来一盅　"
31,【洛天依乐正绫】新·九九八十一2.0【原创曲pv付】,21.1,2119,2017-08-17,純白,www.bilibili.com/video/av13455352?from=search&seid=9442653845805268962,"十万八千里谁敢行
金裟熠熠光照天垠
策杖引驹她孤身一意西向天登
丹崖绝壁石破天惊
上探碧落问黄泉清
转眼五百年匆匆而去恰如一梦

高楼城阙 日日金酒醉 夜夜复笙歌 影绰绰
卓影绰绰 王权有几何 戒律多森罗 情脉脉
王廷漠漠 月下长亭里 舞起繁花落 妆娑娑
毒桩烁烁 抵得了金佛 情关却难过 化悲歌

黄眉一心要成佛 雷音庙宇诈设
鹰愁飞龙吞白马 是福是祸难说
脚下这 一路的坎坷 且行且歌 趟过苦与涩
莫问 何时的因果 何处多极乐

食色应本是天地经
世事怎抵清宵梦境
自在快活你休提当年天蓬威影
琉璃一碎罢黜天庭
九珠骷骨流沙难倾
挑担荷物是自渡己身未有怨音

邪魅喋喋 铁砂腾蔽月 老鸦惊乍起 风瑟瑟
黄风瑟瑟 奎星思凡尘 藏娇入波月 火灼灼
鬼火灼灼 枯骨生六欲 荒岭患妖魔 声怯怯
谛听窃窃 彼有六耳生 真假对与错 难辨得

圣婴能御得真火 焰山下逢牛魔 
翠云铁扇仙长恨 毅然挥袖成风
脚下这 一路的坎坷 且行且歌 趟过苦与涩
莫问 何时的因果 何处多极乐

天生地孕石中来
廿载多磨不惧怀
豪情翻似云中梦
本心归真坐灵台

彼时齐天一大梦 笑啖万里山河
千万里匆匆而过 不曾留恋太多
回望这 一路的坎坷 且行且歌 如今已踏过
无悔 千山万壑间 天地一行者"
32,【洛天依原创】雊鹆【PoKeR】【剧情向PV付】【咏吟轩《第二页》收录曲】,20.4,9989,2014-07-24,PoKeR_扑克,www.bilibili.com/video/av1324058?from=search&seid=9442653845805268962,"春来枝头吐新蕊 皑去柳絮吹
纵染枯叶成俏翠 曩夕却不回
棂外黄莺鸣人醉 声去不及追
闺中雊鹆任人啐 调白了憔悴

再眸回 迩来似潮水
分一支 东流去
匆匆忙年华迂回
我侧颜絮飞 定是它惹盈泪
春风还吹 倚栏眺景望稍稍累
一憩梦回 那日别离酒半杯
留空盏等君归 待不回负心的谁
妾一人独醉心碎

垂眉惺忪著霞帔 蔽日穹半灰
淡抹轻妆卷窗帷 湿沿细雨坠
旧事重忆情难退 粒粒似愁催
深院秀闺 八重锁人在内
似雊鹆 只是傀
虽有翅在肋却难飞
再一度眸回 岁与月相随
过几载数不尽华用尽冬去春归

我侧颜雨坠 定又是它惹盈泪
三两杯饮不下 从不曾后悔
你的存在 道不尽的话
时光不长 待不到天荒

逝去的时间如卸的妆
凋落的模样冲走向往
落得凄凉却还逞强 愈忆愈是殇
宁愿舍这奢华衣裳
装了自由的翅膀
载着痴想 心总是随你去任何地方

终眸回 倚栏眺景雨夜稍稍累
妄情总要事与愿违
留一人独听伤悲
滴滴声脆 又惹世间几人心心碎
光阴难等 人也难等
这年华 已消磨不在
纵有心也只有怨怨作罢
雊鹆在旁唱"
33,【洛天依&amp;乐正绫】发如雪【南北组的简单日常】【修正】,20.2,6665,2015-11-24,Ace丨Zero,www.bilibili.com/video/av3272156?from=search&seid=9442653845805268962,"狼牙月 伊人憔悴
我举杯 饮尽了风雪
是谁打翻前世柜 惹尘埃是非
缘字诀 几番轮回
你锁眉 哭红颜唤不回
纵然青史已经成灰
我爱不灭 繁华如三千东流水
我只取一瓢爱了解

只恋你化身的蝶
不要怂！
你发如雪 凄美了离别
我焚香感动了谁
邀明月 让回忆皎洁
爱在月光下完美
你发如雪 纷飞了眼泪
我等待苍老了谁
红尘醉 微醺的岁月
我用无悔 刻永世爱你的碑

你发如雪 凄美了离别
我焚香感动了谁
邀明月 让回忆皎洁
爱在月光下完美
你发如雪 纷飞了眼泪
我等待苍老了谁
红尘醉 微醺的岁月

狼牙月 伊人憔悴
我举杯 饮尽了风雪
是谁打翻前世柜 惹尘埃是非
缘字诀 几番轮回
你锁眉 哭红颜唤不回
纵然青史已经成灰
我爱不灭 繁华如三千东流水
我只取一瓢爱了解

只恋你化身的蝶
你发如雪 凄美了离别
我焚香感动了谁
邀明月 让回忆皎洁
爱在月光下完美
你发如雪 纷飞了眼泪
我等待苍老了谁
红尘醉 微醺的岁月
我用无悔 刻永世爱你的碑

你发如雪 凄美了离别
我焚香感动了谁
邀明月 让回忆皎洁
爱在月光下完美
你发如雪 纷飞了眼泪
我等待苍老了谁
红尘醉 微醺的岁月

你发如雪 凄美了离别
我焚香感动了谁
邀明月 让回忆皎洁
爱在月光下完美
你发如雪 纷飞了眼泪
我等待苍老了谁
红尘醉 微醺的岁月
我用无悔 刻永世爱你的碑"
34,【洛天依】百鬼绘卷【原创曲PV付✿】,19.7,3370,2013-11-29,花之祭P,www.bilibili.com/video/av853661?from=search&seid=13348715207099616047,"夜鼓绝 清蝉鸣浅夏
朱雀道 琉璃瓦
提萤灯 流光穿云罅
几度平安风雅

扬素手 展诡卷奇画
白狩衣 御神驾
五芒印 于阴阳横跨
侧耳可闻百鬼夜话

拢扇 山河皆寂灭 风云聚散只刹那
拈诀 八方妖魔 满目 魑魅魍魉厮杀
咒结 十万寒鸦也不过天狗幻化
倾轧 血亦为剑何惧怕

斟清酒 抿樱唇轻呷
姿幽然 弄琵琶
羽衣曲 为君笼薄纱
抹开一点朱砂

诉风月 无须空折花
今昔语 顿喑哑
枯骨森 君归何处家
垂首独立百鬼喧哗

起舞 临月舒霓裳 指点星斗步飞踏
再舞 众鬼退避 雷霆 一念神威叱咤
终舞 谁拭我眼角契结与我天下
天下 难抵这半世韶华"
35,【洛天依 乐正绫 心华 言和】牵相伴【feat.初音ミク】【PV付/砖厂浪人】,19.6,5272,2016-04-21,砖厂浪人,www.bilibili.com/video/av4423697?from=search&seid=13348715207099616047,"春雨退 攀上枝桠飞
珠花簪 点翠
黛眉娇媚 入宫墙成妃
金玉成堆
红缨尽碎 性命垂危
踏敌寇 君心不回
一战边陲 巾帼妩媚
尽诛宵小 辨是非

一曲牵相伴
叹命运纠缠
急管繁弦空悲叹
年少时玩伴
恨年岁短暂
成长是曲终人尽散

画箱背 已不在深闺
看山河万岁
落叶蔷薇 画尽世间美
月下独归
若你无罪 朝堂不退
年年岁岁永不归
蟒袍加身 妻女跟随
斑驳城墙困着谁

一曲牵相伴
叹儿时纠缠
重勾弦断空悲叹
与君牵相伴
曲终人不散
终是梦醒心难安

入宫步步难
长枪定国安
山河百川画成卷
简廉忠义难
看儿时玩伴
年岁让曲终人尽散"
36,【乐正龙牙戏腔】牵丝戏【原创PV付】,19.5,6645,2017-06-30,柔软の棉花p,www.bilibili.com/video/av11739300?from=search&seid=13348715207099616047,"嘲笑谁恃美扬威　没了心如何相配
盘铃声清脆　帷幕间灯火幽微
我和你　最天生一对
没了你才算原罪　没了心才好相配
你褴褛我彩绘　并肩行过山与水
你憔悴　我替你明媚

是你吻开笔墨　染我眼角珠泪
演离合相遇悲喜为谁
他们迂回误会　我却只由你支配
问世间哪有更完美

兰花指捻红尘似水
三尺红台　万事入歌吹
唱别久悲不成悲　十分红处竟成灰
愿谁记得谁　最好的年岁

你一牵我舞如飞　你一引我懂进退
苦乐都跟随　举手投足不违背
将谦卑　温柔成绝对
你错我不肯对　你懵懂我蒙昧
心火怎甘心扬汤止沸
你枯我不曾萎　你倦我也不敢累
用什么暖你一千岁

风雪依稀秋白发尾
灯火葳蕤　揉皱你眼眉
假如你舍一滴泪　假如老去我能陪
烟波里成灰　也去得完美

风雪依稀秋白发尾
灯火葳蕤　揉皱你眼眉
假如你舍一滴泪
假如老去我能陪
烟波里成灰也去得完美"
37,【乐正绫】真·中华烛火娘【原创重编曲】,19.4,4632,2015-07-18,純白,www.bilibili.com/video/av2588994?from=search&seid=9442653845805268962,"薄霧初凝霜 寒鐵映酬光
著我新戎裝 劍指邊疆
淺雪敬短裳 落日避寒槍
待我功成後 冠翎歸鄉

秋風划過落葉響
目送鴻雁西南望
又是一年的霜降
將士何不羨鴛鴦

戰鼓聲陣陣入沙場
箭矢雨彌閉了天光
舞起槍斷絕了念想
或勝利或者是死亡
逆風處請君醉沙場
用鮮血塗滿舊戎裝
不要管添多少新傷
亂軍中以血拭鋒芒

雙手捧著野菜湯
終於熬過了青黃
又是一年的霜降
緣木娘你可安康

恍然 夢中尤記 那年那月 你我初相遇
依稀 夜鶯初啼 歌舞將息 共醉華年裡
請你 不要記起 角落裡不 經意的荼蘼
等我 大捷之後 與你再續 這一世夫妻

廝殺聲陣陣入軍帳
飛火雨彌閉了月光
舞起槍看不透希望
用雙眼直面著死亡
任新刃撕開了舊傷
任鮮血浸透舊戎裝
恨長槍消逝了鋒芒
願我魂回到你身旁
鐵蹄聲踏破了城牆
狼煙起彌閉了天光
若此行客死在他鄉
願我魂回到你身旁

薄霧初凝霜 寒鐵映酧光
著我新戎裝 劍指邊疆
淺雪敬短裳 落日避寒槍
待我功成後 冠翎歸鄉

秋風划過落葉響
目送鴻雁西南望
又是一年的霜降
將士何不羨鴛鴦

寒山雪傾覆舊城牆
北風嚎灌透破軍帳
羌笛聲悠悠吹斷腸
塞上曲字字盼歸鄉

被歲月鏽蝕了長槍
被時光磨損了繩韁
一年年歲歲的守望
問功名功名在何方

恍然 夢中尤記 那年那月 你我初相遇
依稀 夜鶯初啼 歌舞將息 共醉華年裡
請你 不要記起 角落裡不 經意的荼蘼
等我 大捷之後 與你再續 這一世夫妻

塞外雨成霜 春風嘯蒼茫
鐵砂揚萬里 翻覆玄黃
斜陽落山崗 滿眼百草荒
採薇遲暮里 不盈頃筐

雙手捧着野菜湯
遠迎鴻雁西南望
又是一年的青黃
緣木娘你可安康

韶華過兩鬢初成霜
誰無悔匆匆的時光
若當年攜手一起闖
又何必天地各一方

提起我鏽蝕的長槍
勒緊我磨損的繩韁
號角鳴戰鼓震天響
問功名功名在前方

鐵蹄聲踏破了城牆
狼煙起彌閉了天光
若此行客死在他鄉
願我魂回到你身旁"
39,【Days乐团】今生如梦（三月雨系列）-洛天依,19.3,4730,2013-03-07,Days的Wing翼,www.bilibili.com/video/av495583?from=search&seid=218002058262409199,"梦晚夜阁闹喧 独叹月缺堪圆
一生可惜太短 起首却已失算
逝去可悲可畏 奠祭梦里凄迷
得到过早已毁 枉写了三生契

不可再 憾事难续
缘分难受控 度日如梦
从未留下过记忆
庄周脚步 走失了梦里的过度
今生醉 独觅孺慕
曾共谁互诉 几岁糊涂
这红尘还未 一一细数
旧日如梦早触不到

恨晚望眼欲穿 又叹俗世难虞
今生也许太短 转首你已走远
聚散可泣可慰 独对夜雨凄迷
忆起彼方那位 苦等了这一世

不可再 憾事难续
缘分难受控 度日如梦
从未留下过记忆
庄周脚步 走失了梦里的国度
今生醉 独觅孺慕
曾共谁互诉 几岁糊涂
这红尘还未 一一细数
旧日如梦早触不到

曾经 手拖手过游戏 的故地
如今 找不到那份趣味
回忆 当初的我共你 在原地
一起走过的
请准我一世都谨记
今生顾首再忆 相识遇到的你"
38,【洛天依】刀马红颜（戏腔古风，pv附）,19.3,2655,2013-06-27,水琴,www.bilibili.com/video/av619734?from=search&seid=13348715207099616047,"披挂长靠挥马鞭　我掂银枪挑幕帘
足踏蟒靴登台前　回腕遥指敌三千
桃花马走破尘烟　一舞翎刀如飞雁
纵他风雨程途远　江湖笑傲我容颜

拳打南山豹　足踢北海蛟
虽为女流胆气豪
看转身翻腰　引满座倾倒
生死皆妖娆
人常道　江山多娇
令多少　英雄折腰
红尘中　留几人阅晚照
不如潇洒　轻狂年少

斟斛醉酒　梦醒弹刀
沙场巾帼　人中楚翘
威冠三军　挂帅领兵
金盔戴定　十里旗飘
丹红上脸眉梢扬　你方唱罢我登场
谁共赴荒唐

披挂长靠挥马鞭　我掂银枪挑幕帘
足踏蟒靴登台前　回腕遥指敌三千
卸了红妆赴疆场　我奉王命使西羌
应着铜锣耍花枪　千里听得战鼓响
星河流泻顶珠翠　走姿趟马抖雉尾
阵前常饮刀头血　闻我名姓万贼溃
陷阵冲锋　操刀绣绒　戎马倥偬
何惧乱箭穿胸暗红染长空

请　长缨出征
碧血洒抛　没于沙尘　豪气长存
四方起号角声
那一仗颠倒乾坤
数十年刀马纵横
孑身只为　黎民苍生

卸了红妆赴疆场　我奉王命使西羌
应着铜锣耍花枪　千里听得战鼓响
桃花马走破尘烟　一舞翎刀如飞雁
纵他风雨程途远　江湖笑傲我容颜
但使忠心不负天地　沉醉何妨
 人世繁荣沧桑　终付戏一场"
40,【洛天依原创】桥驿听雨落【海鲜面】【pv附】,19,5839,2015-06-19,康师傅の海鲜面,www.bilibili.com/video/av2455795?from=search&seid=13348715207099616047,"待到连绵雨初霁
不巧　今又逢哭丧脸龙王爷
新裳偏易惹尘泥
不快　寻巷尾遇茶肆得暂歇

乌蓬推浆渡桥外
正是　细雨薄织以待素伞开
门响瞥得有青衫摆
正好　故事到口就逢听客来

勿嫌武夷秋叶味清寒
温水入碗
绕口香不散

白罐撒不知名青茶焙
想儿时　翠畦田间扑捉白蝶
我亦曾羡鸟雀四下飞
而如今　难能安稳又问谁借

{沉香缓步杯沿静欲睡
苦辛味　盘过喉舌甘香才觉
再窥天雨一帘何来嫌
烟柳色　如捧玉碎十里街

逢雨更觉远山改
未见　何处春景长留从不败
也曾顶无檐居四海
未妨　听我把见闻稍作显摆

颠沛终求得清净一爿
抱惑满怀
侧耳请道来

岳阳采莲歌中闻式微
秦淮岸　楼头月碎瓦上清辉
斗城意气少年嗾鹰飞
渡融江　柳州初霜雁又南归

两鬓原是渐生秦淮雪
偶思回　万里之外忽闻歌吹
离雁总爱将人暇光衔
才忆起　恍然半生又一岁

今日感君言或难再逢
掸衣惜别　只天时当归

晚秋瓮取夜露酿新醅
西风送　旧栈灯烛犹落红泪
几人孤舟蓑笠坐船尾
几人醉　几人仍将那彩云追

店前二月柳色十月颓
世间事　一言难尽也道不对
闲听雨落恰得与君会
今日我　淡茶代酒两三杯"
41,【洛天依 乐正绫】长夜雨【PV付】,18.3,4113,2015-08-04,天zZ,www.bilibili.com/video/av2681130?from=search&seid=9442653845805268962,"
独夜月微凉　那是离人的眼光
镜湖中倒影出的　是谁人的脸庞
庭院落叶何寂寥　孤影挂在东墙上
而你却已然　不在我的身旁

长夜雨慢慢流淌　滑过脸庞成两行
能否再聚西窗下　对坐共饮白月光
长夜雨伴着泪光　而你如今在何方
此情一梦难以忘　谁堪与我诉衷肠

啊　这孤单的雨夜
你是否在军帐
牵挂着这牵挂你的人啊
在纸上写下思念　却诉不清离伤

秋雨夜未央　残灯落影满地霜
未曾想　如今却与你咫尺天涯
手中剑所指苍茫　黄沙吹尽少年狂
赢天下　却换不来你在我的身旁

多少次　我梦回那雨下的夜晚
携手漫步　在洒满落英的路上
低头浅吻　在你那温热的脸庞
这一切是否只存于念想

长夜雨不停地下　冰河铁马声悠荡
眼中这条黄沙路　为何通不往家乡
长夜雨湿了戎装　烽火烧不尽荒凉
待到能荣归故乡　你却在别人身旁

啊　这孤单的雨夜
你是否在西厢
思念着这思念你的人啊
在黄沙刻下牵挂　却诉不清离伤

长夜雨慢慢流淌　滑过脸庞成两行
能否再聚西窗下　对坐共饮白月光
长夜雨伴着泪光　而你如今在远方
此情一梦难以忘　等你与我诉衷肠
长夜雨快停歇吧　踏上无尽的路啊
愿与你相拥在那月光下
"
42,【洛天依】剑御天下（仙剑PV付）高清重制版,18.1,4223,2015-04-19,苏若藓,www.bilibili.com/video/av2237090?from=search&seid=13348715207099616047,"神树高耸入苍天
三皇立 九泉散 娲皇怜世意 神器现
新仙界楼蓬私战
溪风走 水碧潜 神将佩剑落 入凡间
幻瞑现昆仑之巅
太清逝 婵幽伤 夙玉携望舒 双剑远
青鸾间少年寻仙
入琼华 觅三寒 不周战烛龙 过阴间
剑魂已等待千年
渝州现 寻前缘 蓬莱遇重楼 阻邪仙
神魔之井上青天
知前世 任神将 蜀山锁妖塔 萱草谢
唐家集结江湖缘
踏歌行 尽逍遥 煌仙显神通 地脉连
战燎日了结情怨
室韦路 少年叹 问情为何物 终渐远

忆当时 年少自轻狂
仙风 道骨 碧落 黄泉
化作轮回流年旋转
君不见琼华巅玄霄狂妄战九天
也不见少年郎驱神器不惜毁双眼
曾记否多年前相遇的那一瞬间
还记得剑炉中消散的那一张笑脸
犹忆起客栈里洞冥宝镜收妖坛
不曾忘是谁人的倩影跪在孤坟前
纵使有千万种寂寞和孤单相伴
惟余天道循环千百年也不曾改变

翩翩潇洒美少年
灵岛上 白河边 仗剑走天涯 为红颜
锁妖塔下成永诀
知宿命 终难逃 南诏战拜月 神形湮
佩环牵今生红线
虎煞收 御灵伴 芳踪狐影渺 命多舛
莲池重铸冰青剑
除孔璘 忘前仇 开封诛妖僧 天下安
明州城远潮初见
折剑庄 血脉现 塞外缚妖王 救楼兰
医佳人寻草仙山
封印守 罡斩解 司云驱枯木 坠崖间
廿载后再续前缘
却无奈 难逆天 覆天顶乱阵 香魂散
世离生阴谋终现
魔翳毙 蜀山沉 幽蛮永相隔 不再见

忆当时 年少自轻狂
侠骨 柔肠 剑影 刀光
化作轮回流年旋转
君不见山神庙那一夜月下传剑
也不见笛声中冰雪间谁人撑纸伞
曾记否五华山逍遥御剑斩魔尊
还记得摩诃寺禁咒间狐女解机关
犹忆起流光洞凌波和龙溟缠绵
不曾忘青木居厉岩结萝月下花前
多年后皇台上云凡回想起从前
又梦到篝火前萤火虫飞舞的那天
君不见风雨飘落花凋白鹤渐远
也不见余霞间望空楼斩情丝延绵
还记得御剑仙看河山任我游遍
不曾忘苍穹中红尘写不尽思念
君不见昆仑巅箜篌一曲成离别
也不见轮回间前尘灭唤醒了誓言
回首望蜀山伫仿佛昔日在眼前
无法忘清风里灵归处千年共婵娟
纵使有浮生中寂寞和黑夜牵绊
仍无妨关山前谈笑间看烟花璀璨
又忆起仗剑行江湖梦那段时间
却道是今生无悔仙剑奇侠永流传"
43,【洛天依原创】夏夕【Melo】【平行四界】,17.5,6175,2015-08-22,Ddickky,www.bilibili.com/video/av2782106?from=search&seid=13348715207099616047,"月色渐漫水墨色江南
今夜又溢满谁家酒坛
花灯百盏糖葫芦串串
古旧的青石板 捕一路鸣蝉
拉着手腕流萤绕小扇
共抬头遥看烟火绚烂
青石桥岸折一只小船
记忆里的岁月 流淌著慢慢

星夜遍染云山
蔓延天河的彼端
小小纸船 不知辗转漂泊到第几湾
此夕梦里鸣蝉
似细诉婉转
在寻找牵牛相伴

明月照晚送一只发簪
寄一心喜欢缀著牡丹
火树斑斓映着你眉弯
不知牡丹花瓣 待何时盛绽

星夜遍染云山
蔓延天河的彼端
烟花渐散 落入掌心未消些许温暖
画卷氤氲弥漫
水墨色江南
有一抹笑语嫣然"
44,【洛天依·乐正绫原创】塞下曲·再一年为君征战（PV付）,17.3,1801,2016-09-21,黒白君,www.bilibili.com/video/av6360842?from=search&seid=9442653845805268962,"冷夜長 
衾枕寒
上高台共明月
淚眼徘徊
再打濕桃花笑顏

秋風又一度入關
再一年為君征戰
羌笛蘆管悠悠聲
歸思誰人聞

塞外又一輪月缺
再一炊直直孤煙
金戈鐵馬悲聲切
荒塚誰人問

行千里遠家鄉
痛飲夜光葡萄
萬水千山走過
賞遍冽冽寒霜

舉鐵劍御邊疆
血上馳騁沙場
劍影刀光紛繚亂
不過點點小傷

孤城外向南眺
思念的心猖狂
人靜夜深的時候
想她傻傻的笑

半生戰在他鄉
燃燒後終成霜
桑田滄海過後
只剩下涼涼月光

夕顏綻
燕還巢
下花橋同新人
舉杯歡笑
怎難忘昔日辭言

兵馬又幾度哀散
再幾回揚沙邊塞
碎石狂風烈烈吟
何以思故人

漠上又幾曲燕歌
再幾聲寥寥號角
血軀白骨掩沙痕
何須築碑墳

行千里遠家鄉
痛飲月光葡萄
萬水千山走過
嘗遍冽冽寒霜

舉鐵劍御邊疆
血上馳騁沙場
劍影刀光紛繚亂
不過點點小傷

孤城外向南眺
思念的心猖狂
人靜夜深的時候
想她傻傻的笑

半生戰在他鄉
燃燒後終成霜
桑田滄海過後
只剩下涼涼月光"
45,【洛天依乐正绫原创】如旧【YGY/原创PV付】【南北组古风】,17.1,3914,2016-01-25,YGY,www.bilibili.com/video/av3658490?from=search&seid=13348715207099616047,"
杏花漱一盏薄酒 深巷被冽香浸透
别时浅抿那一口 若不是离愁
怎会晕上眉头
如那年凭栏高楼 赋新词恰是时候
落花点点盈满袖 弦上停素手
余响落在身后

涟漪描过青石小路 玉桥流水各自一处
行者不归离燕不复 轻舸若浮萍过叶湖
来时软红吹满老树 去时点滴阶前碾成枯
脚步深浅渐次模糊 风雪满肩一程一人途

残阳外天涯风流 寡情客不置可否
西风白马孤身过 经年更萧索
爱恨从不敢多
剪烛西窗无处说 宫商角徵羽听瘦
望是月明也悠悠 相思也悠悠
白首誓青丝绣

涟漪描过青石小路 玉桥流水各自一处
行者不归离燕不复 轻舸若浮萍过叶湖
来时软红吹满老树 去时点滴阶前碾成枯
脚步深浅渐次模糊 风雪满肩一程一人途

亭台风致如旧 夜寒如旧
烟火览尽不见眼眸剔透
偏是人不如旧 负卷远走
梧桐雨秋意浓

南国生红豆谁予馈 蓬山有青鸟衔几枚
言之凿凿心事霏霏 归期未有期亦无悔
姑苏里春色自芳菲 浔阳一曲罢化蝶飞
年华灼灼你醉我醉 盈盈窃笑今生愿画眉"
46,【REMIX】核爆霍元甲狐言 自制五毛PV（河图&amp;洛天依）,17,3060,2016-04-03,银临,www.bilibili.com/video/av4261450?from=search&seid=13348715207099616047,"昆仑有姑娘策马似脱缰
十指无沾阳春水　却将长刀扛
六扇门打怪除妖多繁忙
不如与我做羹汤　红衣当配白裳

柔肠百转　梦过三生娥眉赴侠肝义胆
破千帆　一望昆仑万山寒

拨弦轻诉衷肠　回眸剑影刀光
一朝红杏泄春光　颦笑皆动荡
虎跃涧强盗强　风入松诗几行
夜太长　奈何刀锋有微芒

昆仑有姑娘我日思夜想
媚香楼畔桃花醉　胡言要闯荡
折红梅春过冬来平添香
白衣俊郎舞刀枪　万妖逃窜凄凉

柔肠百转　梦过三生娥眉赴侠肝义胆
破千帆　一望昆仑万山寒

拨弦轻诉衷肠　回眸剑影刀光
一朝红杏泄春光　颦笑皆动荡
虎跃涧强盗强　风入松诗几行
夜太长　奈何刀锋有微芒

柔肠百转　梦过三生娥眉赴侠肝义胆
破千帆　一望昆仑万山寒

拨弦轻诉衷肠　回眸剑影刀光
一朝红杏泄春光　颦笑皆动荡
虎跃涧强盗强　风入松诗几行
夜太长　奈何刀锋有微芒"
47,【南北組】泼墨漓江【玖玲p】,16.7,2612,2017-01-19,玖玲p,www.bilibili.com/video/av8088191?from=search&seid=13348715207099616047,"
迷离间如水山歌绕过一弯又一弯
雨消后漫卷细皴看疲沓了还要看
老鸦听江心蓑翁使唤捉黄鱼二三
远处有怪崖奇岩白瀑几串
算不懂碎石小道往来车马如何慢
有茂林修竹长桥短亭谁人梦江南
愁楚客欲说完　阿妹愣不管
停杯笑无聊心事　独自呢喃
想柳岸孤燕返　或唱王榭传
不如前尘抛却　兴衰都看淡
难得空半生闲适倦懒　谪仙泼墨作伴
若桂酒甘醇自当斟满

月落天白　船动莲开
戏文中悲喜醉眼忘来去自在
水流山黛　风卷云来
览尽了人间至难亦不觉窄
休去说闲与愁　何不若与我共语濛烟外

偶然读几出才子佳人俱是纸上欢
羡煞那苗家姊妹从来不用翻西厢
恰巧有阿哥寨下寻访好个俊模样
赶忙将银饰穿戴尽朝那望
都道是白衣伶仃出了临安过潇湘
又何劳跟我贫嘴叹我不愿理红妆
有哪句牵心话　情深意未长
合眠听笛声悠悠　泛舟江上
想洞庭归途远　柳生稍思量
姻缘最忍不过　痴心儿胡乱
难得落一身形骸放浪　莫顾儒生长短
几人能求得如此风光

月落天白　船动莲开
任古今相思作一传仍是不爱
水流山黛　风卷云来
收不住过眼烟波有甚感慨
消片刻天地宽　哪稀罕什么扬名千万载

去国怀乡　杯茶也醉
妾知漓江雨同是男儿泪
幸而能为君铺开百里山水
或使游子流连一时间不知归

月落天白　船动莲开
戏文中悲喜醉眼忘来去自在
水流山黛　风卷云来
览尽了人间至难亦不觉窄
休去说闲与愁
何不若与我共语濛烟外
"
48,【洛天依】腐草为萤【空色幻奏】,16.5,3708,2015-08-08,丁哥老大,www.bilibili.com/video/av2700587?from=search&seid=13348715207099616047,"纤弱的 淤泥中妖冶
颓废在 季夏第三月
最幼嫩的新叶 连凋零都不屑
何必生离死别

圆润卵石间 缭绕重生的火种
光阴只方寸 延续了枯荣
淋漓草檐下 谁撞入窗前旧灯笼
擦亮了 仓促的重逢

于青萍之末 风露更婆娑
还以为此刻 恰逢因果
是春秋开落 或夤夜闪烁
哪个更值得 一错再错

蛰伏的 随断茎摇曳
腾空在 一花一世界
躯壳快要冷却 华筵还剩几夜
思念旦暮未歇

清浅池塘边 重生破土的冲动
天地正玲珑 殡葬了飞虫
迢迢河汉间 有磷火坠地如彗锋
奢望着 能生死相拥

于青萍之末 风露更婆娑
还以为此刻 恰逢因果
是春秋开落 或夤夜闪烁
谁情愿将错就错

于盛夏之末 入夜仍灼热
又一场离合 开始凄恻
是扇底闪躲 或雨水摧折
哪里都值得 恋恋不舍"
49,【乐正绫】《华夏之章》【小旭PRO】【绛舞乱丸】,16.3,2623,2016-11-03,小旭PRO,www.bilibili.com/video/av6938236?from=search&seid=16346803664792718907,"烈日殇山河泱　自古兵马乱
一路开垣扩疆　尘沙尸骨葬
埋藏死生与兴亡
书简黄忆商汤　夏时日曷丧
欲代之以称王　秦始帝王家
汇统六国观天下
青史后人瞻仰

回首铁马金戈兵甲戎装
一身热血换大汉荣光
论谁谋兵法谁施计点将
功盖千古　傲世前尘
南征北战却违逆伦常
长安月照盛唐　牡丹下独悦女皇
遗五代怜官舞后庄
十国事几世变迁　随波逐流
大漠扬挽弓御马八荒射天狼　被明亡

蔓藤花满宫墙　清梦锁深巷
荏苒百载时光　功过又何妨
皆归了盘古炎黄
前朝韵谱清商　歌乾坤朗朗
尽负浩水汤汤　楚汉鸿沟界
兵戟争霸两相抗
皆有天意执掌

回首诸列国弩张孕新莽
祸起烽烟主各自为王
谁谈兵论战谁换盏推觞
醉饮江山　华夏千年
旧事更迭叹洪河渊长
魂断送沙场旌旗长扬
残阳下刀刃灼烫　待鬓发披霜
传后世宋词诗章　四海吟唱
羡大漠集义字肝胆铮铮铁骨儿郎

回首诸列国弩张孕新莽
祸起烽烟主各立为王
谁谈兵论战谁换盏推觞
醉饮江山　华夏千年
旧事更迭叹洪河渊长
魂断送沙场旌旗长扬

回首铁马金戈兵甲戎装
一战八方泣朱血残光
论权欲杀伐卷迹史册千浪
纵观今朝虎豹豺狼
太过嚣张露爪牙张狂
权不容动荡炙心灼烫
铁骨寒语剑披霜　我大国泱泱
天朝上南海荡荡　自属东方
握长枪一疏轻狂谁守国扩疆
中国魂千朝万代事共谱　华夏之章"
50,【南北组原创曲】【中国风电音】双钰·南北【Vsinger创作赛】【PV付】,16.2,2078,2017-03-10,PoKeR_扑克,www.bilibili.com/video/av9068328?from=search&seid=13348715207099616047,"
游弦画罗裳 歌轻扬 交玉杯酣畅 （暖）
疏星照玉缰 信马驰骋八方 （冷）
画舫 烛暖红香 (烛暖红香) （暖）
风篁 自腾吹寒山 （冷）
望月芒 见我影成双 （冷）
妙舞 秋夜长 琼佩照金炉香 （暖）
银鞍 纵马骀荡 (纵马骀荡) （冷）
金殿 江湖剑仗 （暖）[1]

战国时，洛天依与乐正绫
穿越至此，游历拜访诸子百家
时与截门掌门潇水豪龙相识
并结下深厚情谊
后有晋王与其筹划起兵
二人均于晋王麾下效力。

涉汲荒 北 踏朔方 洛水草薰陌上
辽水无极 青烟蕴 遥见燕山残云
晋君事起 亲赴君廷辨幽明
共豪龙 麾下 负羽从军
内筹妙计 危城谈笑却敌
外阵前驱 展雕旗 拔剑破韩从骥
惊平陵 临渊勒马跃赤鳞[2]

人定 舟凝于水滨 闻轻笛 池翻荷弄影
春渚遇佳卿 柔管书成风云
江湖 诸子遍历 （诸子遍历）
潇水 豪杰相谑戏
望流星 白露浅染芳茵
何日是归期 枝上紫燕衔泥
远山 游弦绝鸣
河津 日轮渐起[3]

时明年，晋军势微
二人知其事败，分二地
兵败，晋地为赵魏韩三国所分
截门各众皆入狱中，二人将归
欲再寻访潇水豪龙
得陆寻云之助乃见，释然作别

问何日 归期 再归去
不忍提起 命运
往事莫违逆
英雄都好像 流星
案头烛 余烬
月下鸦 悲鸣
本不属于 这里[4]

却不能 忘记
宿客旅 熏火香盈絮
旧事已陵替 故地分国鼎立
探听 西行定麟
朱邸 公子号行云
访天狱 犹辨故人依稀
唏嘘 相视泣 叹天地更易
浅笑 沧桑历尽
别离 何问归期
"
51,【乐正绫原创】荆轲【原创PV付】,15.9,2548,2017-09-30,无名社,www.bilibili.com/video/av14929634?from=search&seid=13348715207099616047,"半尺短剑　寒光被收敛
指尖沾染　将军的恩怨
长发翩翩　冷峻的侧脸
眼角有一丝眷念
易水送别　苍茫的江天
乱世烽烟　琴声在呜咽
离歌离别　割不断思念
马蹄声渐行渐远
沉痛地厌倦化作一腔热血
明知不能回头还勇往直前
交给命运判定的冒险　是否能将一切改变

行走在漫漫长夜　边塞的荒野
义无反顾地靠近危险
勇敢的接受命运的考验
让仇恨溅出鲜血
生死攸关的瞬间　与夙愿擦肩
泪水染红了你的视线 
此刻除了悔恨没有语言
也许你曾相信　奇迹会出现

半尺短剑　寒光被收敛
指尖沾染　将军的恩怨
长发翩翩　冷峻的侧脸
眼角有一丝眷念
易水送别　苍茫的江天
乱世烽烟　琴声在呜咽
离歌离别　割不断思念
马蹄声渐行渐远
沉痛地厌倦化作一腔热血
明知不能回头还勇往直前
交给命运判定冒险　是否能将一切改变

行走在漫漫长夜　边塞的荒野
义无反顾地靠近危险
勇敢地接受命运的考验
让仇恨溅出鲜血
生死攸关的瞬间　与夙愿擦肩
泪水染红了你的视线
此刻除了悔恨没有语言
也许你曾相信　奇迹会出现

行走在漫漫长夜　边塞的荒野
义无反顾地靠近危险
勇敢地接受命运的考验
让仇恨溅出鲜血
生死攸关的瞬间　与夙愿擦肩
泪水染红了你的视线
此刻除了悔恨没有语言
也许你曾相信　奇迹会出现"
52,【乐正绫、言和、洛天依】神话原创【琴妖】【无刃妖影】,15.6,3749,2015-12-03,无刃妖影,www.bilibili.com/video/av3320298?from=search&seid=13348715207099616047,"封天暮雪 流連了幾座城頭
而她浪跡於 寒冽的巷口
身隨琴 名離幽 一直相伴左右
在春風夏雷秋雨冬雪時候
琴者有靈汲天地仙胎暗孕
為黑色一切 偷一絲光明
主從情 倫常理 卻惹天譴責臨
那一天 風雪肅清
練其軀 為眼 卻能包容萬千 容不得我私念
化其弦 為睫 能摒妖魔魅邪 那又如何
融其靈 為眸 能辯善惡忠奸 此唱已遠
責其元 為邪 放逐萬丈妖澗
琴弦斷 終成你眼眸代你觀滄瀾
淚怎斷 歡或喜難清算 
心怎斷 縱棄身成妖此緣也未完
遺世千古傳 終能與你相伴

山無甲子五十載轉眼即逝
那一段時日 至今仍常思
淪落為妖初心也仍未丟失
這份念 於天一邊是否可知
跋涉數十年為續那一段緣
腳印遍世間留不住的倦
於妖界 習巫邪 這一學為鎮獻
燃其血 萬里一線
以吾身 賦琴 通體赤紅似血 容不得我拒絕
以吾發 賦弦 奏傳世的妖樂 那又如何
以吾眸 賦玉 點綴耀眼之瀲 此唱已遠
以吾魂 賦靈 驚穿天的魄焰
雪似裳 又一載梅花攀爬枝上霜
意漸亡 念不得你模樣
願謹償 不嗔不怨不妄不痴不想
留一段惆悵 系你琴案之上

屢次犯我天規豈可戲
逐你魂飛魄散兮
規就是拿來破
這濁水我便要一趟
第一響 碎你天規綱常又能怎樣
第二響 戮伏屍百萬殤
第三響 以妖身封帝滅你神魄亡
又是梅花香 傲於天地之上"
53,王朝、言和、茉莉花开、咏吟轩,15.3,4336,2013-11-15,王朝,www.bilibili.com/video/av836018?from=search&seid=16346803664792718907,"慈母手中线　游子身上衣
临行密密缝　意恐迟迟归

夜空霓虹　事故暖冷
一双脚走过漫漫异乡路千程
于是不同　难却万重
但有人关心着你的春夏和秋冬

故乡的花　香气飘散天涯
散不掉是我的牵挂
故乡的花　盛开在那枝桠
呼唤着漂泊游子啊　快回家

夜空霓虹　事故暖冷
一双脚走过漫漫异乡路千程
于是不同　难却万重
但有人关心着你的春夏和秋冬

故乡的花　香气飘散天涯
散不掉是我的牵挂
故乡的花　盛开在那枝桠
总会梦到的故乡啊　开满茉莉花

去看婆娑世界
离开了美丽家乡

外面的冬天有多冷
夜有多黑

找不到想要的答案
却发现已经找不回来时的路

就这样流浪
日复一日
年复一年

少年变作白发老人
生命的尽头听到了呼唤

恍惚中回首的一瞬
茉莉花开满双眸
迷路的孩子仿佛回到家乡

茉莉花　茉莉花
香气盈天下

芬芳圣洁满枝桠
又香又白人人夸
茉莉茉莉花
"
54,【洛天依原创曲】神女别【戏腔高燃】【PV付】,15.1,1898,2017-04-13,没有龟壳的乌龟,www.bilibili.com/video/av9806802?from=search&seid=13348715207099616047,"曩昔忆否 雒水泛画舟
霓裳锦裘 歌舞何曾休
须臾春秋 眸波纵如旧
伊人不候 情丝为谁留

澹澹涟漪起 徒惹 飞鸥
回首谁宛在 枉渚 沙洲

残梦断烟笼水榭
夜阑珊秋心谁堪解
执泪笔徒将相思写
墨尽空留人悲切
争奈何 此一去永生别

溯回路右 神女兮焉求
华裾罗袖 泯却几多忧
轻绢素手 婉秉玉簪头
欲喜还愁 霭去不相遘

翩翩惊鹜起 流眄 神游
佳人已不在 回汀 址丘

销长梦良会永诀
光阴错鬓生清江雪
把樽盏虚对镜中月
杯空徒馀心滴血
何消说 今一人看盈阙

似相见 却不见 幻水月
梦中人 梦中情 永绝别"
55,【乐正龙牙、乐正绫】清明上河图【兄妹合唱】,15.1,5012,2017-06-24,鬼面P,www.bilibili.com/video/av11585547?from=search&seid=13348715207099616047,"我俯身看去那一帘秋雨
落下的水滴却悄无声息
雕刻在石碑上的印记　是否隐藏着秘密
在你的眼神中　我看到了情丝万缕

古巷的忧郁　写下琵琶的旋律
飘逸的外衣　街上叫卖的小曲
仿佛隔空变换到那里
一切模糊又清晰
几秒钟的世界　感叹不平凡的意义

绫罗飘起遮住日落西　奏一回断肠的古曲
抬起画面如此的美丽　孰不知是谁的墨笔
淡淡胭脂遮住了思绪　小酌几杯却有醉意
多少能人将相　书画三千里
上河图雕琢的意义

古巷的忧郁　写下琵琶的旋律
飘逸的外衣　街上叫卖的小曲
仿佛隔空变换到那里
一切模糊又清晰
几秒钟的世界　感叹不平凡的意义

绫罗飘起遮住日落西　奏一回断肠的古曲
抬起画面如此的美丽　孰不知是谁的墨笔
淡淡胭脂遮住了思绪　小酌几杯却有醉意
多少能人将相 书画三千里
上河图雕琢的意义

绫罗飘起遮住日落西　奏一回断肠的古曲
抬起画面如此的美丽　孰不知是谁的墨笔
淡淡胭脂遮住了思绪　小酌几杯却有醉意
多少能人将相 书画三千里
上河图雕琢的意义"
56,【乐正绫原创】【亡国祸水】四·国殇（feat.洛天依）【世界协奏之歌制作组】【PV付】,14.8,1686,2017-04-30,炽与月,www.bilibili.com/video/av10206345?from=search&seid=7468911881666156707,"
风云骤变八荒六合生异动
陡然间坠入光怪陆离的时空
因缘际会时 复登楼台幽宫
见君王 惊鸿一瞥却似重逢
珠玉珍兽解美人心忧 议政之时靡靡音仍奏
作乐无度 日夜风流
酒池肉林 中已酿祸
挣不脱冥冥网罗 剪不断孽缘交错
血肉下这枚 染墨的魂 亦痴亦狂亦疯魔
如飘摇裂绢碎帛随滔天巨浪颠簸
乱世中乱世 零落又零落

人命为墨 勾勒出摘星高楼
鹿台上起舞 殊不知为谁所惑
宁日起狼烟 为换须臾笑容
哗然间 烽火焚尽社稷山河
战鼓铮铮 四国见兵戎
毒计频出 蛇蝎心互斗
前路易卜 枕侧难守
危机四伏杀伐无休
用不尽声色劝诱 消不去妄念执着
血肉下这颗 蒙尘的魄 亦爱亦憎亦纠葛
千年后再凭帝胄 欲先制宿命一手
终局时方知 天意不可谋

北风声已没 帝星向西落
将破的都城 如枯叶般萧索
拂晓的朝歌 江山尽收于眼眸
烈焰中 回首时恍然若梦
挣不脱 冥冥网罗
剪不断 孽缘交错
血肉下着枚 染墨的魂 亦痴亦狂亦疯魔
如飘摇裂绢碎帛 随滔天巨浪颠簸
乱世中乱世 零落又零落
用不尽声色劝诱 消不去妄念执着
血肉下这颗 蒙尘的魄 亦爱亦憎亦纠葛
千年后再凭帝胄 欲先制宿命一手
终局时方知 天意不可谋"
57,[洛天依重调版]风萤月本家PV,14.4,3827,2013-05-30,月蝕原創音樂,www.bilibili.com/video/av584387?from=search&seid=5179959131298057004,"夏雨别夕庭　缇暮织簟锦
人语雁归林　东山月满荫

芳草憩丘亭　棋花对灯饮
起舞献君邻　长青共此心

盏天灯　他年寄愿
啭林萤　熏风染月

生生繁华于枯荑
萋萋空翠自灵犀
辉星皓夜苍千顷
此宵　风醉月舞萤

遗我北山薇　赠君南浦草
篱檐更漏浅　荺香侵古道

循河汉　宿曙分萤
秉烛光　熏风染月

生生繁华于枯荑
萋萋空翠自灵犀
辉星皓夜苍千顷
此宵　风醉月舞萤

风拂翠幕夜如许
月照朱帷香满衾
时露流萤百草底
一梦氤氲到天明
一梦氤氲到天明"
59,【洛天依原创】前尘如梦「穿越百合向」（黑羽林第一弹）,14.2,4878,2012-10-19,唐乐林,www.bilibili.com/video/av378332?from=search&seid=16346803664792718907,"林立樓房 堵得心慌
來往人群 淹沒我悲傷 
想遠遠 離開那喧鬧場 
獨自回房 空蕩蕩

燈火彷徨 醉得受傷
月牙淒涼 灑了一地霜
想靜靜 進入那溫柔鄉
夢中尋找 看見前世窗 

夢裡那座小橋橋頭瞧啊瞧（小橋橋頭瞧呀瞧）
夢裡那個池塘荷花搖啊搖（池塘荷花搖呀搖）
撐一把紙傘 在雨幕中迴轉
只羞舞給 中意的你看（我情願）

前世那隻小舟湖上泛啊泛（小舟湖上泛吶泛）
前世那張山水水墨染啊染（山水水墨染吶染）
點一盞燭光 在長亭外遙遙守望
流不盡的相思和情長

深夜醒來 淚水成災
現實還在 我逃避不開
想深深 沉進那輪迴海
看見未來 白皚皚

孤影窗台 拭去塵埃
窗外色彩 通通進不來
想快快 找到那唯一愛
牽手漫步 續寫今生脈

夢裡那座小橋橋頭瞧啊瞧（小橋橋頭瞧呀瞧）
夢裡那個池塘荷花搖啊搖（池塘荷花搖呀搖）
撐一把紙傘 在雨幕中迴轉
只羞舞給 心愛的你看（我情願）

前世那隻小舟湖上泛啊泛（小舟湖上泛吶泛）
前世那張山水水墨染啊染（山水水墨染吶染）
吹一盞燭光 新房裡與郎共賞
說不完的地久和天長

前塵如夢 去猜
永世生生不忘懷

夢裡那座小橋橋頭瞧啊瞧（小橋橋頭瞧呀瞧）
夢裡那個池塘荷花搖啊搖（池塘荷花搖呀搖）
撐一把紙傘 在雨幕中迴轉
只羞舞給 中意的你看（我情願）

前世那隻小舟湖上泛啊泛（小舟湖上泛吶泛）
前世那張山水水墨染啊染（山水水墨染吶染）
點一盞燭光 在長亭外遙遙守望
流不盡的相思和情長
吹一盞燭光 新房裡與郎共賞
說不完的地久和天長"
58,【言和翻唱】论道来处十二楼（霸气摇滚）,14.2,4574,2015-06-03,纳兰寻风,www.bilibili.com/video/av2395699?from=search&seid=5179959131298057004,"
晚川载银钩　
西升东去钩挂星幕　帘绸
秉灯铺酒筹
翻展旧卷轴 
道吾曾居玉京十二楼
先莫急笑我太夸口

登高昆崚丘　仰海内十洲 
濡履瑶池口　有云霞迤游
青烟揽北斗　拂翠微遒遒
三清宫月光浓稠　照人间白头

我虽　凡身非凤鸟来处自少昊
穷桑　枝间也尝歇脚
时闻　长庚琴音袅皇娥正年少
东海　百灵　吟谣　御九霄

谷渊引长川 
渺渺弱水周匝绕山　几环
去岸十三万
金台倚栏杆 
面向天南观邈邈山岚
羽衣翩翩然飞上白云端
君且自看　莫笑我太荒诞

我虽　凡身难渡河来处是羲和
甘渊　盈瓢亦能解渴
时闻　有人弄银瑟声传魁星阁
听罢　一曲　词得　狂放歌

昆崚丘，昆仑山也。
在西海之戌地，北海之亥地。
东去岸十三万里，有弱水，周匝绕山，
东南接积石圃，西北接北户之室，
东北临大阔之井，西南近承渊之谷。

……昆仑山有三角。
其一角正北，干辰星之辉，名曰阆风巅；
其一角正西，名曰玄圃台；
其一角正东，名曰昆仑宫。
其处有积金，为天墉城，
面方千里，城上安金台五所，玉楼十二。
————【汉】东方朔《海内十洲记》

《山海经·大荒东经》载：
“东海之外大壑，少昊之国。”出凤鸟。

《山海经·大荒南经》载：
“东南海之外，甘水之间，有羲和之国。
有女子名曰羲和，方浴日于甘渊。
羲和者，帝俊之妻，生十日。”

登临　玄圃琼华殿立阆风北巅
十二　玉楼何处安眠
昆仑　朗月如昼天照纷繁人间
君可见　归去处几多变迁

我虽　凡身非凤鸟来处自少昊
穷桑　枝间也尝歇脚
时闻　长庚琴音袅皇娥正年少
东海　百灵　吟谣

我虽　凡身难渡河来处是羲和
甘渊　盈瓢亦能解渴
时闻　有人弄银瑟声传魁星阁
听罢　一曲　词得　啊啊"
60,【洛天依原创曲】洛氏功夫娘【PV付】,13.8,5469,2013-01-01,JUSF周存,www.bilibili.com/video/av429398?from=search&seid=16346803664792718907,"
相传江湖沧桑之中有这么一个奇女子
驭数丈红线武功盖世穿梭人海之间
名和利 金和银 于她冷漠双眸中 仅是缕缕过眼云烟
弱与贫 苦与难 在她热切相助中 重又拾回往日笑颜
其名洛氏功夫娘 冷眼对世态炎凉 为人谦逊不入尘世纷争 笑看皆是梦一场
其名洛氏功夫娘 其人胸怀世无双 心系天下百姓芸芸众生 千万里美名远扬

红线破开山贼牢笼瞬间女孩看见了那个人
眉目若月色日夜兼程赶回家乡的旅人
为了守护这位身体羸弱的少年女孩决定与之同行
虽然不常言语 她的目光始终不曾离开他的身影

其名洛氏功夫娘 一袭淡雅青衣裳 红线指尖缠绕千回百转 从未撩动她心房
其名洛氏功夫娘 风细来兮花泛香 不知名为何物心中涌流 弥散于萧萧月光

古道两侧郁郁葱葱的竹林 拨开后 眼前豁然开朗
漫山遍野盛开着湛蓝的花 这是少年的家乡
寻访了村中人后少女得知 雪山上有一株千年药草
只消采撷来与晨露熬成汤药 无论何病皆复好

其实病为绝症 其实药为毒草 见你为我奔波不惧难艰 吾之身何畏长眠
如果还有来世 如果还可相见 只愿跨过繁芜红尘三千 再与你邂逅一眼

其名洛氏功夫娘 冷眼对世态炎凉 为人谦逊不入尘世纷争 笑看谁大梦一场
其名洛氏功夫娘 一十五岁好年方 人们只会慨叹侠骨铮铮 谁人知柔情的伤
"
61,【洛天依】醉花阴,13.4,1086,2017-03-02,迁梦狸,www.bilibili.com/video/av8919143?from=search&seid=5179959131298057004,"薄雾浓云雨不休
傍晚飞虫更寂寞
昨夜枕边独空守
凉意独寝了一宿
菊香沁入心头
又欲把酒饮够
举杯无人对坐
浊酒入醉满楼
有暗香盈袖
谁执子之手
冷清黄昏后
人比黄花瘦
门前青苔千重厚
旧时雁飞过
故榻人难留
憔悴再久谁来问候

菊香沁入心头
又欲把酒饮够
举杯无人对坐
浊酒入醉满楼
有暗香盈袖
谁执子之手
冷清黄昏后
人比黄花瘦
门前青苔千重厚
旧时雁飞过
故榻人难留
憔悴再久谁来问候"
64,【洛天依原创】杏月里来凤翎翻【pv付】,13,2841,2015-02-10,康师傅の海鲜面,www.bilibili.com/video/av1981550?from=search&seid=5179959131298057004,"恰值这枝头红我看红不过山楂串
说书人又摆摊 故事听一段
讲绣楼会苏三但年少不懂风月关
为何总道春光 易将人犯

空钟响杨柳岸扔骨节洒落青石板
一地叶影散漫 时光如絮软
正仲阳好时节趁杏月里来凤翎翻
扯纸鸢线轴转 笑眼弯弯

里踢外拐 一锅底二锅盖
钉锤烧卖 再凑副酒盅牙筷
曾经念着 八仙漂洋过海
而今故乡 真已在重山之外

七钩兰花 八把抓抓不到
九十上脸 飞六彩打花鸡毛
曾经童谣 唱外帘剪刀抛
而今词句 叹流光总把人抛

白日乍看悠缓如手中风车兜兜转
我猜是常仪她 醉倒在河畔
都说春园如海因一色鲜妍百花传
是否该折纸舟 邀你共泛

走出了旧城墙远路数不清悲和欢
离别像三尺寒 二月春阳暖
愁诗总背不完莫负人生几回好玩
蹴鸾靴趁衣短 呼朋引伴

左踢右摆 膝盖头催芳黛
前应后和 九十九数到一百
当年扳指 日子算不明白
今日算来 都换作一声感慨

花鼓花线 扎一个艳阳天
云庭云轩 落下个凤翎彩毽
当年不知 纵情不过当年
今日说起 今日再难比从前

空钟响杨柳岸枝头红不过山楂串
说书人又讲到 玉堂春意满
年少不懂悲欢不懂远路难过情关
长大才知春光 易将人犯

走出了旧城墙想起踏过的青石板
叶影中兜兜转 斜夕洒河畔
蹴鸾靴趁衣短好杏月里来凤翎翻
再回看旧玩伴 笑眼弯弯

恰值这枝头红我看红不过山楂串
说书人又摆摊 故事听一段
讲绣楼会苏三但年少不懂风月关
为何总道春光 易将人犯"
62,【乐正绫 洛天依】锦鲤抄 【已改进咬字等】,13,3209,2015-07-21,PTX,www.bilibili.com/video/av2606479?from=search&seid=5179959131298057004,"蝉声陪伴着行云流浪
回忆开始后安静遥望远方
荒草覆没的古井枯塘
匀散一缕过往
晨曦惊扰了陌上新桑
风卷起庭前落花穿过回廊
浓墨追逐著情绪流淌
染我素衣白裳
阳光微凉 琴弦微凉
风声疏狂 人间仓皇
呼吸微凉 心事微凉
流年匆忙 对错何妨

你在尘世中辗转了千百年
却只让我看你最后一眼
火光描摹容颜燃尽了时间
别留我一人 孑然一身
凋零在梦境里面

萤火虫愿将夏夜遗忘
如果终究要挥别这段时光
裙袂不经意沾了荷香
从此坠入尘网
屐齿轻踩着烛焰摇晃
所有喧嚣沉默都描在画上
从惊蛰一路走到霜降
泪水凝成诗行
灯花微凉 笔锋微凉
难绘虚妄 难解惆怅
梦境微凉 情节微凉
迷离幻象 重叠忧伤

原来诀别是因为深藏眷恋
你用轮回换我枕边月圆
我愿记忆停止在枯瘦指尖
随繁花褪色尘埃散落
渐渐地 渐渐搁浅

多年之后 我又梦到那天
画面遥远 恍惚细雨绵绵
如果来生太远寄不到诺言
不如学着放下许多执念
以这断句残篇向岁月吊唁
老去的当年 水色天边
有谁将悲欢收殓

蝉声陪伴着行云流浪 回忆的远方"
63,【洛天依原创REMIX】古风2016【小旭PRO】,13,2561,2016-10-18,潜移默化♀浅姨磨花,www.bilibili.com/video/av6727490?from=search&seid=5179959131298057004,"
嘲笑谁恃美扬威
没了心如何相配
你褴褛我彩绘
并肩行过山与水
轻声叹我们那些好时光
长安雨一夜落秋意
路千里朔风吹客衣
大寒夜，山那头，彤云出岫，
小炉边，那首歌谣
不经意被写就。
红颜独憔悴莫笑桃花劫
将青丝换一生青灯随
在那远去的旧年，
我笑你轻许了姻缘
今世情缘不负相思意
等待繁花能开满天际
只愿共你一生不忘记
别留我一人孑然一身
凋零在梦境里面 

细雨飘清风摇凭借痴心般情长
恍惚间相望早已无话心如麻
只道是那些无关风花雪月的相思
说来几人能知
自认惊叹的桥段终沦为老生常谈
给予你全部如病入膏肓一般 
每一滴泪水都向你流淌去
倒流进天空的海底
临安初雨 一夜落红
春水凝碧 断雁越澄空
挥袖抚琴 七弦玲珑
芦苇客舟 雨朦胧

伤离别
一缕王朝的余晖
孤云掠影嵌入眼眉
天命际会自是难违
等爱若花枯萎
等叶成堆
等思念也化成泪
佳人吟唱一首如梦令
令我思绪如涌浪
你我而今各在水一方
又恐相见泪染妆
今夜雨涨相思满惆怅
红烛花泪映透西窗
可惜少了你双手在我肩膀

在每个许下的愿望里都会有你
当你的眼神看进我心底
红颜轻叹一别又经年
飘散了往昔尘烟
绝唱一段芊芊爱无非看谁成茧
和你对弈输赢都回不去
归来梦碎且寄余生长
从此漫漫云天自翱翔
柳絮飘摇三月天
扁舟一苇西湖边
莺鸣柳渡口前
盏中柳色浅
最初与最终便是天涯
"
66,【言和原创曲】昔巷旧梦【PV付】,12.9,6182,2014-04-12,木变石,www.bilibili.com/video/av1058154?from=search&seid=218002058262409199,"陈酿的　老酒　一壶热
微醉饮　辨不清　哪盏清浊
无人走　南楼小径　独等候
这杯酒已入口　难咽漂泊
城门外站　老槐树一颗
夜深处　看漫江　渔家灯火
弦已尽　弹不出指　尖失落
就让秋心　随风漂流
看门前　一个两个　麻雀都飞过
数白发　一遍两遍　镜子里没落
岁月不说谎　还有什么要求
摇不完总是　夜风吹过的风铃声

回忆里模糊的渡口
飞不出流离的沙鸥
犹见那年 无心种过的梨花也开满枝头
却无人来嗅
炊烟中飘渺的渡口
无人问津的潮水声
剪影又映入眼眸　泪滑过
可惜我不是你的那个梁山伯

长亭外　只剩　驿路过客
留下我　支离破碎的　孤默
花开处　山重水复　不停留
客路青山　一叶孤舟
春风过　吹走　一缕萧瑟
撑竹篙　唱那首　渔歌
花已尽　数不完是　我的错
就让时间　给我宽容
看门前　一个两个　麻雀懒飞过
见花谢　一瓣两瓣　秋夜里凋落
岁月不回头　我还怎么要求
走不完　只是石板桥下　细水长流

回忆里渐远的渡口
喧闹了一洲的沙鸥
犹见当年 桃花红过山坡已是绿肥红瘦
谁与我　与我来嗅
散不去晨雾的巷口
离别后不忍再回首
后悔总由来已久　泪滑落
可惜我不是你的那个梁山伯

又想起童年的时候
踩方格　加我一个
一不小心我又猜错
到底是谁不想说破
贪婪的梦　不忍放手也是我
梦醒以后莫看月色 
谁为谁失落

回忆里飘远的路口（飘远的路口）
停步踌躇这一分钟（这一分钟）
不见那年　胡同口白墙黑瓦下谁来摆酒
不醉我不休
回不去当多年以后（当多年以后）
默回首道一句珍重（道一句珍重）
旧燕已走无人留　我能懂
可惜我也不是你的那个　梁山伯"
65,洛神赋  vocaloid,12.9,1986,2016-08-19,風守miNado,www.bilibili.com/video/av5891875?from=search&seid=16346803664792718907,"
若捧月华如胧 若拾芬芳其中
梦醒寻梦踪 回首却已空空
零落縤泪几点 伴繁樱怎流连
缘起缘心牵 信笺致时缘思恋
寻梦兰芷间 望白鸟纷飞辗转流连
若闻流风络回雪 却见薄樱缀雨夜
诗楚歌为约 披风花摇曳
星渚错落入淡雪 弦影流离韶光烨
雏草困流萤 湖光泛靛青
未闻归期涉泥泞
风帆遣绻行 茕茕孑立繁世中
不觉潸然而心忡
竹影下闻竹林风 皎月低垂若玲珑
夏风吹入寒宵中
呢喃细雨流转 恰逢暮雨悠然
白鸟随乌蓬摇 转起几层波澜

寻彼岸蝶飞渐幽远 淡入烟雨而不见
怅然叹星迁 月下繁樱自妖艳
洛水迢迢绰 叹韶华冉冉成辙
落花随梦流转 楚雨流萤烂漫

渚畔鸟纷飞 心摇悦相随
晨风将至落樱蕊 小夜岚起不识悲
处暑仍未至 时雨声清脆
愿寻若木发新蕊 携蒲草拾蝉蜕
竹影下闻竹林风 似梦随心而动
皎月低垂若玲珑 回首却已空空
夏花吹入寒宵中 唤芳菲也朦胧
零落縤泪几点 伴繁樱怎流连
缘起缘梦牵 信笺致时缘思恋
寻梦兰芷间 望白鸟纷飞辗转流连
若闻流风络回雪 却见薄樱缀雨夜
诗楚歌为约 披风花摇曳
星渚错落入淡雪 弦影流离韶光烨
雏草困流萤 湖光泛靛青
未闻归期涉泥泞
风帆缱绻行 茕茕孑立繁世中
不觉潸然而心忡

风盈盈曾卧星野间 月桂磨藕轻甜
挑撒栗几点 木樨枝下寻华年
若为风帆澈 若为芳菲沃偌
若行路萧瑟 唯诗楚歌以润泽
飘飖兮回雪微垂 缤纷兮若衔泪
髣髴兮流风将坠 落寰尘未曾寐
泫泣兮稚子思归 风鸣兮雁未回
惘寻笼烛几盏 扰夜纷繁缭乱
"
67,【良调教】洛天依-清风醉梦,12.7,6642,2012-07-16,寇塔空,www.bilibili.com/video/av310640?from=search&seid=5179959131298057004,"
撷来一缕清风飘渺
方知今日书信未到
窗外三月天霁垂柳新长枝条
风中鸟啼犹带欢笑

院墙半倚屋檐微挑
滴落昨夜残雨寥寥
都说寂寞深闺从来催人老
而你却依旧青春正好

你不必自比廊下笼中鸟
闺阁中也应有诗书秋千笑
哪怕只凭冷酒醉一场
也是眉目如画尽显窈窕

独看檐边朝霞直到夕照
将云卷云舒都寄入洞箫
终日清风为伴斜倚美人靠
遥望窗外溪水流过小桥

撷来一缕清风飘摇
寄去路边离离芳草
细雨拂面中行人笑说春来早
千里天青染了驿道

春晓风景最堪称道
垂柳更留枝上雏鸟
游迹此间恰宜杯酒醉逍遥
而你却依旧懒画眉梢

你不必自比廊下笼中鸟
闺阁中也应有诗书秋千笑
哪怕只凭冷酒醉一场
也是眉目如画尽显窈窕

独看檐边朝霞直到夕照
将云卷云舒都寄入洞箫
终日清风为伴斜倚美人靠
遥望窗外溪水流过小桥

昨夜风雨打落了芍药
总是春未尽花已老
你可知我总在醉梦中看到
墙外千里烟波浩渺

你可曾听说江南庭院小
玲珑园中四季风光也未少
你若轻哼一曲踏歌调
便是天地烟雨皆堪折腰

古人言多情总被无情扰
又何必心上愁思总难消
从来凄风惨雨最是惹人恼
不如杯酒清梦醉尽今宵"
68,【乐正绫X洛天依】忆红莲【南北组/溱绫/司令】【原pv付】,12.7,1993,2016-05-09,溱绫西陌,www.bilibili.com/video/av4605450?from=search&seid=7468911881666156707,"回顾　皎月晦明灯花孤
抬眉　初红莲风袖袅娜为谁舞
回顾　蓦然步转青石路
还在水榭畔　画楼处

回顾　笔染朱砂轻莲步
经年　依稀一曲然为君舞
回顾　来年再恨相思误
还在水榭畔　画楼处

是你衣白衫如初　我红裳如故
是我尝相思味苦　我为你起舞
是我贪恋却踟蹰　你原地痴伫
还在水榭畔　画楼处

长安城之北，约行一百里，一府邸临于繁市之中，其府光洁绚丽，金块珠砾，名曰乐正府，
府中红莲长开不败，逞娇呈美，府主对其甚是喜爱，红莲为报主人爱怜之情，特化为人形陪伴府主左右，两人风情月思，情投意合，
奈何红颜命薄，光阴荏苒，红莲已逝，而府主纵然魂萦梦断，也不得再见红莲......

如初　倚君共忆当年舞
红莲　清泪两行欲吐半点却无
如初　是你杳然若绯雾
还在水榭畔　画楼处

是谁衣白衫如初　谁红裳如故
谁人抚琴红莲赋　又见谁一舞
谁人贪恋却踟蹰　半池犹荣枯
还在水榭畔　画楼处

依然水榭畔　画楼处"
70,【芝麻糊天依】芝麻香（Days乐团）,12.3,3356,2013-11-29,Days的Wing翼,www.bilibili.com/video/av853895?from=search&seid=5179959131298057004,"谁 悄悄走进 无人的弄堂
谁 轻轻叩响 斑驳的门窗

十五桂花香 拣落一身脏
抖衣裳 哼歌谣 伴我入梦乡
腊八熬粥忙 添柴炉火旺
剪窗花 转瞬 又是一岁长

追晨去 几摞行囊遗落在纱帐旁
丢失我衣兜的蜜糖
回头望 来时路上 陇着薄雾的一墙一瓦
在遥远的地方

谁 悠悠哼起 儿时的吟唱
谁 偷偷掀起 染灰的过往

小桥初雪化 石板路微凉
上学堂 书页(儿)黄 纸卷墨字香

谁在屋檐下 绾起了白发
转磨盘 又在向窗外张望

数晨夕 褪色泛黄缝进叮咛的衣裳
沾满芝麻糊的浓香
那滋味 红了眼眶 和进思念缠绕在心上
化不开 咽不下

那一条门前的石板巷
那一碗回忆余温如常

整夜的牵挂
随古旧的石磨转动的方向
磨碎多少时光

夜已渐长 风也渐凉
遥遥飘来一缕
故乡的芬芳"
71,【言和】锦鲤抄【调教：OQQ君】【PV附】,12.3,3713,2014-01-18,OQQ君,www.bilibili.com/video/av916801?from=search&seid=5179959131298057004,
72,【Vsinger】“双面乐府”2号宣传曲《簪春光》,12.3,2232,2015-08-10,vsinger团队,www.bilibili.com/video/av2712600?from=search&seid=16346803664792718907,"水微澜 漾起春色一潭风暖
柳扶岸游人意欣然
暗香染 牵来双蝶翩翩似幻
杏花雨落画入青峦
光阴淙淙时 听得佳句言
书声未绝 声声念得流年
清茶品清弦 偷得半清闲
临水照颜 可开得十里明妍

江南节物 水昏云淡 飞雪满前村
千寻翠岭 一枝芳艳 迢递寄归人
寿阳妆罢 冰姿玉态 的的写天真
等闲风雨又纷纷 更忍向 笛中闻

黑白瓦 环佩叮当成响一帘
雾散烟雨飘石桥前
绕桥北 笛声飞花曳曳一段
回眸却那厢莲步缓
光阴淙淙时 听得佳句言
书声未绝 声声念得流年
清茶品清弦 偷得半清闲
临水照颜 可开得十里明妍

世事浮沉间 宁静岁月远
似是故人 相逢笑而不言
春光数寸簪 寄与双飞蝶
情意此间 恰是江南好时节"
74,【洛天依原创系列曲】双钰·成玦【PV付】,12.1,1887,2016-02-04,PoKeR_扑克,www.bilibili.com/video/av3750445?from=search&seid=5179959131298057004,"秋风白驹　铁骑银钩
画旗略张开　关城碉楼
狼烟北塞胡虏勇狩　威风在与谁可酬
逆臣犯金阙　战不休
胡马嘶北风　兵戈依旧
谦称赵玦难敌其手　御胡虏生死仍未留

壮心稠依旧　父与君虎符求北郡守
侍晋王尚年幼　广平郡英豪会　历数江湖春秋

孤烟长　残阳　听战鼓白马绰银枪
黄沙扬　卧军帐拔长剑谁能当
贪狼　晋君怀璧自妄蹈步金銮
数载征战百姓何处是故乡
望月芒　征夫无话难说苍凉

拒远战祸　持戈据守
誓天下安定　轻策兵筹
日鼓画角夜震刁斗　终把残敌销尽彰公侯
悬封赏远朝堂　江湖游
世事洞明　民间疾苦忧
稷下学宫驻奇门留　习天下文武承幽授

倾浊酒心忧　江湖雨平生路变星斗
得贤师复何求　徊明殿倚高楼　望不尽江水流

夜深梦长　漂萍路心思萦沙场
自思量　更难忘功业事绕愁肠
灯掌　夜深求奇圣二门静参详
奈何奇门凋零何处了残想
惟心壮　但不见九州正茫茫

雨雾长　月芒　别师门承书归家乡
晚风凉　疾驰骏马切切思梓桑
骀荡　恨不将玉玦抛却望高岗
历征战　半生戎马诀椿堂
经诡谋　暗昧儿皇倒垂裳
奉敕令　辞弟兄别萱堂孤身踏龙翔

孤烟又长　残阳　复听战鼓白马绰银枪
黄沙扬　卧军帐拔长剑无人当
射贪狼　晋君怀璧自妄蹈步金銮
数载征战百姓何处是故乡
夜深梦长　漂萍路心思萦绕沙场
自思量　更难忘功业事绕愁肠
灯掌　夜深求奇圣二门静参详
身居魁罡拔剑斩环视虎狼
乘风上　驾六龙合天下一匡"
75,【乐正绫原创】如意书【红颜志】,12.1,893,2016-10-28,阿原Adam,www.bilibili.com/video/av6854700?from=search&seid=7468911881666156707,"锦绣江山任纵横
孤苦一生提笔有几人 信我情真
石榴裙斑斑泪痕
却也终化不开那些俗世恨
看朱成碧 眼里尽是思纷纷
情也纷纷 泪也纷纷
谁说龙椅下就不能种情根
我偏不肯 无悔情深

空繁华了谁的城
宫闱深墙里 梦话又空写了几本
青史思念不曾问
我笔下飞白里能露出几分
看朱成碧 眼里尽是思纷纷
情也纷纷 泪也纷纷
谁说龙椅下就不能种情根
我偏不肯 无悔情深

看朱成碧 眼里尽是思纷纷
无字碑前 懂得几人
谁说龙椅下就不能种情根
入了宫门 误了红尘
累世情深 错投在 无情帝王身
满腹经纶 却给了 多情女儿魂"
73,【洛天依x乐正绫原创】大荒寻梦录【PV付】,12.1,2172,2017-07-11,没有龟壳的乌龟,www.bilibili.com/video/av12069812?from=search&seid=5179959131298057004,"
自盘古开天宇内名曰大荒 清浊分天地神魔各领一方
纵观三界大道演玄黄 前世今生百年过满目尽苍凉
居四海之中华胥教化万邦 感孕雷泽旁天命降下人皇
轻抚桐琴一曲九霄响 建木登仙驭白龙卫天下安康

览群山层峦叠嶂 诸海浩浩汤汤
喟叹天穷地广 转瞬成虚妄
看日月此消彼长 四季变换有常
千年 不过一晌 沧桑

昨宵听琴独坐应龙殿上 神魄感阴阳 游乎天山共舞帝江
御气九华谛听心肠 钱来会羬羊 走丹穴驾鸾凰
鲲鹏扶摇乘风而翔 浴火出毕方 路遇白泽共话参商
日出其东得见句芒 日落昆仑乡 似是而非梦一场

太古铜门外北溟有魔禺疆 御魂三千载安定世间魍魉
亘古长吟如今成绝唱 却留法器在人界散落八方
传龙生九子各自灵瑞呈祥 独魔龙辟邪生性残暴狷狂
但遇知音朔炎凝白霜 轮回往复今犹记离别时模样

夫乾坤坦坦荡荡 山峦郁郁苍苍
江河奔流茫茫 须臾成过往
此天下离合阴阳 何人万寿无疆
千年 不过一世 彷徨

偏居东海云游蓬莱之上 蚩尤战炎黄 中容帝俊神罚天降
修成精卫忤逆恶浪 以填海相抗 誓以孤身殉葬
忽闻赤鱬鸣似鸳鸯 天吴蛇尾长 文鳐夜飞庇佑丰穰
前世入梦乘龙翱翔 今生空迷惘 只道呓语尽荒唐

昨宵听琴独坐应龙殿上 神魄感阴阳 游乎天山共舞帝江
御气九华谛听心肠 钱来会羬羊 丹穴驾鸾凰
忽闻赤鱬鸣似鸳鸯 天吴蛇尾长 文鳐夜飞庇佑丰穰
前世入梦乘龙翱翔 今生空迷惘 只道呓语荒唐

鲲鹏扶摇乘风而翔 浴火出毕方 路遇白泽共话参商
日出其东得见句芒 日落昆仑乡 似是而非梦一场"
76,洛天依原创《最忆江南》,12,1249,2014-08-22,ilem,www.bilibili.com/video/av1449815?from=search&seid=5179959131298057004,"最是那烟波六月天呦
这舟行莲叶间呦
那船影荡一涌呦
就卧船画中眠呦

记得那悠长石板巷呦
溪水边捣衣的姑娘呦
莲曲一唱山水绿呦
只说此间是天堂

我忆江南
人间最美是江南
歌声带我又想起了小时候
清风拂杨柳
记忆中的吊脚楼
还有那烟雨朦胧的天

江南好
风景旧曾谙
日出江花红胜火
春来江水绿如蓝

远处江山分外娇诶
身边流水绕小桥诶
谁家堂前燕子闹诶
翩翻流连江南好
忆江南

心中最美是江南
歌声带我又来到了小时候
遗落的美好
有些已经找不到
只剩那烟雨朦胧的天

一片青山如墨染
一段情缘剪不断
一种遗憾叫流年
一份眷念叫江南

人间最美是江南
歌声带我又想起了小时候
清风拂杨柳
记忆中的吊脚楼
还有那烟雨朦胧的天

我说人间最美是江南
歌声带我又想起了小时候
清风拂杨柳
记忆中的吊脚楼
还有那烟雨朦胧的天"
79,【Days-折V】相思赋.Travel Days【乐正绫】,11.9,2267,2015-08-28,折折折折v,www.bilibili.com/video/av2819174?from=search&seid=5179959131298057004,"一帘锦绣风月催 一弦旧瑟琐憔悴
何曾约生死相随
鸳鸯昨日有人羡 青鸟今归无人悲
红尘中眉眼间错过谁
花零落韶光不经蹉跎
叶婆娑春水随秋风萧索
人空瘦昔时一语也多
哪敢听几度几回几世说

青石阶前屋檐下那一撇 咫尺之间
魂绕梦牵若相思把愁添 妄然执念
羌管呜咽道相思皆无解 情丝绕三千
缘是半生的劫

一夜月胧青帐垂 一盏残灯咎烛泪
无眠温浊酒一杯
芳华淘尽颜色褪 往日情深皆无悔
红尘中谁痴情为谁累
月盈朔梧桐圈年轮阔
空守诺辗转半生千般错
离人嗦盼燕归却无果
论相聚离分难辨缘与祸

一叶红笺寄相思意缠绵 无语凝噎
长夜梦魇累相思湿了眼 谁共婵娟
话别经年叹相思情缘浅 徒遗恨长嗟
缘是轮回的劫

舔犊情长 唯俗世太无常
遗恨相思曲终人散
孤影作伴
梦回百转 念相思却不往
三世石上了相思账"
77,【洛天依乐正绫原创】Hemisphere【St.K4N3】【平行四界】,11.9,2180,2016-01-15,stk4n3,www.bilibili.com/video/av3587066?from=search&seid=5179959131298057004,"
信签从指尖飘落到袖口
邮戳化作相距甚远的理由
笔墨之间诉说着情意和守候
雕花窗旁老唱片吱纽
拉长的尾声藏进回忆的褶皱

霞袂缇绣　徘徊摇曳在旧时相遇的街头
茶馆醒木间的故事叫离愁
穿越经纬线的刻度　夜与昼
再饮一杯绿螘新醅酒
沉醉在那场你相伴的旧梦

地图蜿蜒的归途被看透
怀表时差的算法已经记熟
读著字迹间的期盼与温柔
飞机云划破一片苍穹
烟斗的薄雾飘进斑驳砖墙后

长衫负手　翠雨落眉头衣袖拂过河边柳
纵酒杜松子的苦涩像离愁
穿越陆界季风和洋流　夏与秋
再握紧你柔荑般素手
待年华溜走是否还在等候
"
78,【洛天依乐正绫】玉狐劫【古风原创/PV付/归墟原创团队】曹开挽,11.9,1827,2016-03-19,章鱼烧正太,www.bilibili.com/video/av4136495?from=search&seid=5179959131298057004,"
洛府老来终得女名曰洛天依，命格有缺，仙人道年不过二八将有缘劫夺命。
洛君遂定女十六岁前不见外人，妄图与天争命。
仙人不忍洛天依一世独孤，见院中灵狐，便渡其一口真元，助其每逢月圆夜便可化作人形陪伴洛天依，博其欢颜，赋名“乐正绫”。
洛天依以此大喜，有阿绫相伴，虽十六亦如偕老。

听风倚栏　粉黛红衣执扇
缘何为情做茧年少坷坎
瑶琴婉转　只闻何人心乱
灯盏共享繁花曼
一身仙梵　不抵一念贪婪
仍不放月前笑靥展　相见欢

此生　是悲是欢　是冷是暖　百思千感
数尽　前世的纠缠　风月缱绻情牵绊
命途　是劫是缘　是恶是善　百回千转
看不穿　尘世浮生聚散

灵狐日久生情，竟起贪念，夺凡人魂魄汲真元，以摆脱外力日日陪伴洛天依。
人妖不容，乐正绫为恶一分，妖气便重一分。洛天依常年妖气侵体，体弱多病，药石皆无效。
洛天依十六岁生辰将至，仙人受托前来，见当年灵狐为情堕入妖道，不肯悔改，叹当年一时不忍造成今日大错，遂散尽阿绫真元，将其打入轮回。
洛天依一身情均系与乐正绫身，苦等阿绫终不得见，更郁郁寡欢。

芦笛清寒　不见伊人执伞
帘卷　独看秋风残
一世长安　哪如一朝相伴
只不愿榻上昔颜盼　独孤单

此生　是悲是欢　是冷是暖　百思千感
数尽　前世的纠缠　风月缱绻情牵绊
命途　是劫是缘　是恶是善　百回千转
看不穿　尘世浮生聚散

十五夜，阿绫借月圆之力聚最后一丝将散魂魄强入洛府，向洛天依道别。
洛方知阿绫为自己犯下弥天大罪，大悲，终卒于十六岁生辰前，与阿绫同入轮回。

此生　是悦是怨　是苦是甘　百顾千瞻
数尽　难断的寄愿　青梅凤鸾意愉婉
命途　是真是幻　是系是断　百曲千般
终不过　情未竭人已散

冷暖悲欢　恶善劫缘　与你共担
唯我愿　与我世世相伴
"
81,【乐正绫×洛天依】雨姬桩【小荳古风原创曲PV付】,11.8,3118,2015-11-04,小荳,www.bilibili.com/video/av3169420?from=search&seid=5179959131298057004,
80,【洛天依】问剑江湖【COP】,11.8,1818,2017-08-10,COPY,www.bilibili.com/video/av13187920?from=search&seid=5179959131298057004,"流霞顾盼 侠义万千
她执剑 问谁能并肩
多少儿郎 俯首也甘愿
江湖纵横 一马当先
多可笑 生死交付间
世人皆叹 正邪难两全

偏不肯收敛这桀骜不逊
偏不知天高地厚
霸剑风流
笑饮一壶英雄酒
何不潇洒到尽头

江湖浪荡醉梦一场
叫天也疏狂地也荒唐
哪管今朝豪侠剑骨凉
平生难说侠骨忠肠
叫爱也飞扬恨也匆忙
来日放肆逍遥也无妨

知交问剑 侠义人间
为谁醉 花下独眠
看春秋 换作云烟

江湖浪荡醉梦一场
叫天也疏狂地也荒唐
哪管今朝豪侠剑骨凉
平生难说侠骨忠肠
叫爱也飞扬恨也匆忙
来日放肆逍遥也无妨"
82,【洛天依原创】雨满武陵春【国风民谣有PV】,11.5,1935,2015-04-17,鸟爷,www.bilibili.com/video/av2229310?from=search&seid=15651626936883667372,"春雨打在叶上沙沙响
轻轻地靠在你身旁
采一朵花儿戴头上
好像做你的新娘
春寒摧花暮
可是心思不能诉
见面越多心却越愁苦
明知无前路
望断桃源无寻处
欢愉时刻还与卿共度

春雨打在叶上沙沙响
轻轻地靠在你身旁
采一朵花儿戴头上
好像做你的新娘
春寒摧花暮
可是心思不能诉
见面越多心却越愁苦
明知无前路
望断桃源无寻处
欢愉时刻还与卿共度

闲看那双语燕呀
呢喃也让人羡
你送我颗糖酸又甜
看不清你的脸
和你去逛商店
镜中双影让人羡
杨梅熟了红又圆
不知酸还是甜

春雨打在叶上沙沙响
轻轻地靠在你身旁
采一朵花儿戴头上
好像做你的新娘"
83,【Days-Wing翼】‘春雨’三月雨系列，南北组（乐正绫，洛天依）,11.5,3890,2016-03-26,Days的Wing翼,www.bilibili.com/video/av4195759?from=search&seid=11554333906351068358,"念往昔 我急旋慢转你抚琴低吟
到如今 重唱此曲却已无你
莫叹息 我再舞一曲你意乱情迷
空余忆 良辰美景多可惜

轻骑狂 曾携汝同游好不风光
风啸往 似有故人如泣吟唱
挽弓强 纵杀敌万千亦难解思量
赴远疆 再聚首不过痴妄

清风吹不散
回忆袅袅到入梦到天明
春雨如丝勾起
相思情连绵至今

云袖低甩舞一出
草长莺飞融融春意
筝弦轻拨歌一曲
城破国危就此道别离

猎猎风吹 战鼓声擂
望山河 皆浴血守卫

夜深梦回 独自憔悴
相思断 已刻骨成灰

言笑晏晏 琴瑟和鸣
余音绕梁散无息
雨打心头 方从梦醒
徒留一世伤心

往事残影 私可拾起
却是梦蝶自身迷

猎猎风吹 战鼓声擂
望山河 皆浴血守卫

夜深梦回 独自憔悴
相思断 已刻骨成灰

今生只悲 难离边陲
怎料到 终是不得归

来世不悔 纵身轮回
共白头 许执手相对

春雨绵绵 归期无言
醉梦连连 只叹无缘

春雨绵绵 归期无言
醉梦连连 只叹无缘"
84,【南北组】乱尘戏【戏腔】,11.3,1644,2015-11-29,断鸿沐雨,www.bilibili.com/video/av3302933?from=search&seid=5179959131298057004,"抱琵琶红妆粉面拂身起舞唱前世今生
在座满堂何人听懂我心声

夜倚小楼轻醉盏愁凌月亭水映
欲凭栏静观堤岸微灯
晚风无事又拂过
醒了景中迷醉人
又乱了思绪痛了旧痕

浓妆重彩舞榭歌台唱忆曲金门
演欢颜悦面素绎淡情
台上钟芦管弦声
台下酒客谁人听
饮半醉半醒半世浮生

曾与你梨园纵歌剑舞纷飞一曲倾世人
如今战火淋侵血染了黄尘
抱琵琶红妆粉面拂身起舞唱前世今生
在座满堂何人听懂我心声

兵临城下山河破碎故国随风陨
摧昔日繁华终成空景
惆怅青丝生华发
行迹若无根浮萍
终沦落流离是非凄境

曾与你梨园纵歌剑舞纷飞一曲倾世人
如今战火淋侵血染了黄尘
抱琵琶红妆粉面拂身起舞唱前世今生
在座满堂何人听懂我心声

当鲜血染侵戎装箭穿其身化凌烟忠魂
只憾此去无缘与你渡余生
唯一曲兰陵入阵霓裳羽衣诉弦外悲情
不求台下谁人能与之共鸣

弦断曲终应了结 不堪此生"
85,【洛天依】 甄姬 【潜移默化】【咏吟轩】,11.2,2422,2012-11-01,潜移默化♀浅姨磨花,www.bilibili.com/video/av386267?from=search&seid=16346803664792718907,"翩若驚鴻 婉若游龍 眸似虹
榮曜秋菊 華茂勝春松 眼波濃

世人曰風華絕代耀五洲
綺羅生花容月兒羞
畢生卻輾轉無數宮闕中
身鎖琉璃深宮

翩翩舞起身段妙
彩袖撫顰笑
氣吐如蘭柔聲叫
換君王一笑

輕拭銅鏡憶歲月
紅妝遮眼角
玉釵銀器噹啷落
鬢角兒屢屢銀絲悄縈繞

鳳冠花翎 金線刺繡 着黃袍
碧殿內外 萬人齊侍候 嬪妃朝

卻無處訴說這份情和愁
筆墨早已干曲調淡
更難尋知己 飲酒伴星漢
吟詩消瘦凌亂

雕欄稀木庭院中
邀月醉黃酒
縵紗錦被無人用
冷霜結床頭

寒廳曲罷無觀眾
遙遙聞聲回
拭去兩頰胭脂紅
皺紋兒早已悄悄爬上頭

聽信讒言君王怒
淚灑飲鴆酒
飲罷昂首摔杯去
殿前碎有聲

妾身願化河中女
天地寬悠悠
只為東去流水中
取一瓢換取來世的自由"
86,【洛天依原创系列曲】双钰·守璞【PV付】,11.1,2088,2016-10-27,PoKeR_扑克,www.bilibili.com/video/av6844720?from=search&seid=5179959131298057004,"奏一曲惊惶　夜中月无光
瑟瑟微凉　忍把虚名浅唱
望惊鸿掠过枝头霜　白鲤摇下静水潭
曲尽云动浅漏下微芒

寻一枕黄粱　蹈步君子堂声扬
夜枕宿莽　月下拔剑茫然
征鸿但引那归客赏　叶落无人记寒蝉
心事不堪说穿负君望

人道是
一朝腾骧　觥筹双双　天下名扬　清誉流芳
塞外逐虏　边地征蛮　勒燕然
谁知又
奇门倾颓　百家罢黜　风雨迷途　白露沾裳
繁星黯淡　人世始浅尝

背星月孤影茕茕　披风雨东行忡忡
会齐鲁　寄学宫　百家群涌
争锋　应答从容
半生成空　行匆匆　醉眼微红
忍浮妄在心头　山涧淙淙

奏一曲惊惶　夜中黯淡月无光
天地苍凉　才把心怀浅唱
寄身在江湖远庙堂　怀璧难吐作疏狂
幸得萍踪相逢薪火传

传言道
崩殂一朝　贰臣弄权　千里奉诏　履冰金銮
刈除阉党　学派渐敞　自垂裳
又岂非
当时少年　清流雅望　尊师受教　夙夜朗朗
兴复诸子　只道戏言　竟得偿

背星月孤影茕茕　披风雨兴意正浓
遂心愿　辞学宫　侠影萍踪
腰弓　行迹从容
年岁倥偬　行匆匆　醉眼微红
又一年动西风　望征鸿

长啸
红尘里悲行客　世人又知多少
潮信涛涛　秋色里纵快马　把忧愁都忘掉
自骀荡
我泣岁月自不饶人　当时红颜已老
夜中我笑　东云已破晓"
89,【洛天依原创】韶音赋【PV付】,11,3034,2012-10-25,战场原妖精,www.bilibili.com/video/av381806?from=search&seid=16346803664792718907,"浮黎原始开天地 诸神创世天各一
三清六御轮回助 神界人间满瑞气
天边远山泛青光 忽而花落花满殇
我从雾中乘风来 只为伴君不思量
伏羲女娲神农氏 江河淮济育生灵
南宫北斗映贤尚 天涯海角随君行
生来无欲享富贵 但求为君咏思绪
若夫德行无领会 自退远方乘浪归

我带着梦想带着希望
带着力量
探寻人间的感伤

请赋予我理想 请赋予我希望
请赋予我一颗炽热的心房
让这情感释放 泪水模糊了眼眶
为何这般闪亮
就算我终会消亡 终会迷茫
请让我带走这份熵

请赋予我理想 请赋予我希望
请赋予我一颗炽热的心房
让这情感释放 泪水模糊了眼眶
为何这般闪亮
就算我终会消亡 终会迷茫
请让我带走这份熵"
88,【东方栀子】X【洛天依】神武雨霖铃,11,4770,2013-03-12,_啦啦bu是猪,www.bilibili.com/video/av500820?from=search&seid=5752552450412107493,"
海棠初放又一春
蝶舞风含香欲醉人
谁家女卷珠帘轻倚门
情绕心魂
江湖道青衫行闻雁声
弹剑歌风雨任平生
骏马飞踏古道漫征尘
玉杯酒未冷
念为我画秀眉那时年少
清宵短 情难舍 月相照
碧水明如镜 送君画桥畔
两处离愁难断
路渐远山外山遥望江南
朝夕盼 绣鸳鸯 待君还
月色仍如昔 江上有归帆
话别时难相见亦难

细雨如织落阶前
有思意千般付筝弦
愿化作清池中并蒂莲
两情长圆
云中遥寄锦书托鸿雁
记当年西窗烛共剪
纵隔万水此心常相牵
与君诉缱绻
念为我画秀眉那时年少
清宵短 情难舍 月相照
碧水明如镜 送君画桥畔
两处离愁难断
路渐远山外山遥望江南
朝夕盼 绣鸳鸯 待君还
月色仍如昔 江上有归帆
话别时难相见亦难
念为我画秀眉那时年少
清宵短 情难舍 月相照
碧水明如镜 送君画桥畔
两处离愁难断
路渐远山外山遥望江南
朝夕盼 绣鸳鸯 待君还
月色仍如昔 江上有归帆
话别时难相见亦难
"
87,【洛天依原创】花头台【咏吟轩】,11,2058,2013-03-29,王朝,www.bilibili.com/video/av518295?from=search&seid=5179959131298057004,"
点绛抿唇　画浅眉　朱履翠裙袄
耍琴催拍　鼓叨叨　腔前端正好
贤宾赠桂来　折枝赏奴娇
等倾了芙蓉杯　百歌余几幺

谒罢阛阓遥鼓　喧豗而舞
迎客当垆　寻春入蜀
卜问秦娥　归去来故
甩墨玉郎　繁花绽骨
粉蝶惹春　鹊踏山桃红
马驻羊坡　引兴混江龙
渔歌动　拨琶搅筝　撼东风

转应梁州　盼鸿秋　对饮梅花酒
沉空得醉　染庭芳　香罗滚绣球
吻佩解酲红　锦簇缠小楼
棹夜满临川月　琐意绕重游

齐著东风九转　鸳戏水暖
鱼寄素尺　亭空凭栏
荼蘼纹锦　烛烟摇盏
不寐望江南

扶归庭卧　松荫笑杏花
且醉尧歌　霜天晓净沙
鼓迎迓　乐事赏心　谁人家

百叠阳关　应长天　太平沽美酒
几声甘州　敛梅风　雁字过南楼
人歌遍哨台　泪犯了蟾钩
啼夜怅亭宴歇　王孙去还留
然月长辉　我伴莲灯待雨"
90,【初音未来】  朱红  【中国风原创曲】,11,2033,2014-12-06,疯子卡缪,www.bilibili.com/video/av1776919?from=search&seid=3442907810557579453,"似高歌宁 谧静里看来
心相连 如梦莲开花怒
待揩莲 如火朵 梦难顾
爱踏青 看到眼底
哀叹之 绮靡锁梦晚莲
它直立 骄傲婉丽黛
黯叹殇 听她执意地
红莲的火呐 连天 
打灭大雨 波澜中 谧谧不语
退散邪 孤眠那夜
彤彤火 若漫散星点
梦 难有故里梦圆
路漫漫 梦无尽的难跌
彤红 浴火后哟 
扬起姿
蝶蹈齐曳娜翼 蜕自落脱
请别放弃 莫丧了 期待的梦
待 啊 那夜放光芒
灯火里有 你
激荡美当以熔凝 身自燃点
未来已夜 骄傲堕哀路
请自傲
一条命当应染朱红！

莫霭迷 莫忐忑哀鸣
乃刀踏寂寞 离夜里
哀悼哭 颂勉淡
悚然 猛醒来 
当傲立 难以生 即往以殆
一直坎难的我 坦然考验
盲目里 无助
红莲秘 其名道 朱红
落 末暮 护满傲慢
彤红 浴火末 又
扬起着 必抗击
咽然忆 历史烙刻
请必牢记 路上呀 细点那磨难
到彼今 复火燃
彤红里有 你
记得每当忆蹂躏 甚至裂地
未来已烨 骄傲我来路
即自傲
一条命当应染朱红！

啊 无误
我心底 不忘祖国爱
愿永远以汉幔的祠
赐给天！

彤红 浴火后哟 【彤红 浴火末 又】
扬起姿 蝶蹈齐 【扬起着 必抗击】
曳娜翼 蜕自落脱 【历史烙刻】
请别放弃 莫丧了 期待的梦
待 啊 那夜放光芒
灯火里有 你【有 你】
激荡美当以熔凝 身自燃点【甚至燃天】
未来已夜 骄傲堕哀路
请自傲
一条命当应染朱红！【朱红！】"
91,【言和 心华 乐正绫 洛天依 】血煞孤阳【热血原创PV付】【踏云社】,10.7,2013,2015-12-13,影随龙风,www.bilibili.com/video/av3381090?from=search&seid=5752552450412107493,"杳然隔此地空餘陽道
孤月戚戚換塗炭風梢
卸甲淬敵歌血煞長廖
飛沙隻身奪瞰天地動絕峭

戎機阻身赴塵煙烽硝
熱血灼燙但苦戰宵小
國脈滾炙非堪堪芥草
逆此生命途仗劍壯心難酬

盪胸戰事念北國急報
舊路難回展宏圖命召
每望戰塚新魂唳鬼嘯
馳騁這一路縱身再掀戰滔

啊……

天軌撰我御程恣意
秋冥冥 諸侯信我青骨忠義

借路攀青雲護鐵騎 
使人催 太素恢弘氣吐罡厲

星沉天樞嘆霧障芒熄
朝歲枯榮任風骨衣浮
普天興我蒼生之浮屠
妄圖這雲煙啖仇追蕭肅

折戟嘆無骨沉沙
心正魄存仍斗刃命輪
且試浴血橫伏猖狂
竟借押心魔天命作負

戰滄浪天命笑殺
掀重阻破千山占先機
凌雲天下無人作答
且不看今朝亂世風雅

盪胸戰事念北國急報
舊路難回展宏圖命召
每望戰塚新魂唳鬼嘯
馳騁這一路縱身再掀戰滔

星沉天樞嘆霧障芒熄
朝歲枯榮任風骨衣浮
魂歸故里何人將塚書
也記這破軍斬寇難撼我疆土

啊……"
92,【洛天依原创】《惜春去》烂兔子P《(伪)古风,10.6,3124,2013-05-10,鸣子兔,www.bilibili.com/video/av561909?from=search&seid=5752552450412107493,"蓦然回首 明眸转溪流
兀然拭泪 流月镀长沟
夜降桂霜 冰雾饰远岫
玉壶心 为君丢
烟雨江南暮暮几多愁
遍地黄花人消瘦
只叹雕栏画楼 风月还如旧
物是人非事事休

往昔华露 流连返妆楼
初见含羞 君映梅幽
子衿青青照我心歌悠悠
此暮春 也曾为君守

与君书 藏雁足鱼腹 寄何处
空对春枝暮
墙外桃花遮不住 的情愫
墙内望 衣袂多恍惚
红尘路 相见苦 别亦苦
转眼却 形同陌路
春曾驻 春又度 青春韶华空误
还不管不顾

相思蚀骨 憔悴金钏旧
杏雨绸缪 尽染春袖
芳华流散念去去烟波久
青丝柔 不悔为君留"
93,【洛天依】九尾妖狐【绛舞乱丸/冰镇甜豆浆】5.1请来我怀里烧成一团火吧！,10.6,936,2016-05-02,绛舞乱丸,www.bilibili.com/video/av4531180?from=search&seid=3442907810557579453,"无悔 幻化成人是我平生所寐
无罪 人心不古迷乱我口碑
无畏 生死置之度外几多轮回
狐尾 道行千年背
江山惹人醉醉醉
酒不醉人人自会醉
人间烟火好滋味
花花世界睡睡睡
色相是人心里的鬼
真教人乐不思归
再多的
目光异样
奈我怎样
我想怎样
就能怎样
越靠近 越动心
梦幻泡影 般模样
庸人最痴心妄想
不信 风情浪子誓言一堆一堆
不羡 才子佳人成双又成对
不愧 炉灶一起与神仙作对
狐味 招一身暧昧
江山惹人醉醉醉
酒不醉人人自会醉
人间烟火好滋味
花花世界睡睡睡
色相是人心里的鬼
真教人乐不思归
看个个凡夫俗子
人模人样
不眠不休
熙熙攘攘
水中月 镜中花
红尘顿事难释放
何不来我胸口
把自己烧作一团
一团
一团
三昧真火
拥你一吻 精气神百倍
再不负累 今夜只为醉生梦死一回
抛下错与对的信条
徜徉在我怀中千百回
方知才活几十岁
叹什么人情最可悲

千秋万代 遍地庸才
敢问这人间几个圣贤
折腰功名 目光短浅
放眼河山 尽在我眼前
万事失意 天不作美
前尘往事皆化作云烟
难得此刻 一番清闲
今宵风月行乐大过天
大过天~~

烧作一团 三昧真火
拥你一吻 精气神百倍
再不负累 今夜只为醉生梦死一回
抛下错与对的信条
徜徉在我怀中千百回
方知才活几十岁
叹什么人情最可悲
烧作一团 三昧真火
拥你一吻 精气神百倍
再不负累 明朝梦醒 再奔前程一回
冲开世俗 牵绊界限 尝尽凡尘 千般娇万般妩媚
君莫叹碌碌无为 但求一生问心无愧
方知人间烟火好滋味
方知人间烟火好滋味
方知人间烟火
好滋味~"
94,【言和原创曲】浮生酒馆【一图流PV付/砖厂浪人】,10.5,1758,2016-04-28,砖厂浪人,www.bilibili.com/video/av4488143?from=search&seid=5752552450412107493,"江湖幾人留
卻終空負少年頭
血海深仇　恩恩怨怨
何時方能休
天涯獨身過
風沙剪不斷離愁
夕陽落　染紅來去的路

牽一匹瘦馬
往向下一個天涯
天地之大　悠悠我心
何處是我家
月牙上枝頭
炊煙裊裊入眼中
這片刻　願為誰停留

青瓦房紅磚牆
燈火蕭蕭　酒旗飄
人熙攘老嫗笑　請入堂
劍入鞘　坐定好
放下紅塵的紛擾
與君共酌一杯　又何妨

在這浮生酒館
包藏着萬水千山
嘆塵世太婉轉
望不穿愛恨糾纏
若將今生離愁
化作了淡酒兩盞
琴聲中　忘卻悲歡聚散

新地遇故友　酒至半酣　方能休

揮劍出鞘　棋逢敵手
一笑泯恩仇
你微步生風 
我氣定神閒沉着

這片刻　願為誰停留

青瓦房紅磚牆
燈火蕭蕭　酒旗飄
人熙攘老嫗笑　請入堂
劍入鞘　坐定好
放下紅塵的紛擾
與君共酌一杯　又何妨

在這浮生酒館
包藏着萬水千山
嘆塵世太婉轉
望不穿愛恨糾纏
若將今生離愁
化作了淡酒兩盞
琴聲中　忘卻悲歡聚散

在這浮生酒館
包藏着萬水千山
嘆塵世太短暫
握不住情緣牽絆
酒冷詩殘夢斷
一醉方休何其難
空留下　天涯路來相伴"
95,【Days乐团】春来发几枝（三月雨系列）-洛天依,10.4,2958,2013-01-01,Days的Wing翼,www.bilibili.com/video/av429539?from=search&seid=11554333906351068358,"賣弄般地 穿戴好新衣裳
怎在意起 我滿不屑模樣
拉我去逛打冰糖水的那條小巷
屋檐外燕子歸 停住張望

夢見流水 嘩嘩過你家旁
就等誰來 述說如此春光
輕雨還未乾 青石橋面上
留下了水一窪 笑一雙

問春來 發幾枝
不問你敲我窗為何事
問何物 最尋常最相思
落英飄飄 花期稍遲

討厭你耍起賴皮時有恃無恐
老愛編故事騙我聽把我捉弄
我當然不客氣 啐你句大狗熊
漲紅臉 就惱你扮笑容

笑話你一抓包子兩手不肯松
沒注意被肉餡燙着也不喊痛
你袖口不齊整 偷懶不縫一縫
邊吃邊回 不得空

問春來 發幾枝
不問對岸的你知不知
問何物 最尋常最相思
今朝今歲 冬逝春至

嫉妒這南國三月桃花片片濃
比下我暗自細細修畫的腮紅
我有點小情緒 你什麼都不懂
驚慌神色 趕緊把我哄

氣憤這南國三月桃花太不同
惹得女兒家瞧這瞧那不珍重
你橋邊支起傘 並不為離人送
若有所語 在心中

賣弄般地 穿戴好新衣裳
怎在意起 我滿不屑模樣
拉我去逛打冰糖水的那條小巷
屋檐外燕子歸 停住張望

夢見流水 嘩嘩過你家旁
就等誰來 述說如此春光
輕雨還未乾 青石橋面上
那小溪依舊淌 你拽我不願放

討厭你耍起賴皮時有恃無恐
老愛編故事騙我聽把我捉弄
我當然不客氣 啐你句大狗熊
漲紅臉 就惱你扮笑容

嫉妒這南國三月桃花片片濃
比下我暗自細細修畫的腮紅
隔月的花會淡 你什麼都不用
有情人又何必折枝空"
96,【正弦函数P】《西湖梦》乐正绫 feat.洛天依,10.3,3286,2015-07-22,正弦P,www.bilibili.com/video/av2609381?from=search&seid=5752552450412107493,"
「画舟西湖泊　一抹丹枫秋色落
萧萧凄风瑟　阑干红泪洒几何
徒相怨　往昔繁华今落寞
静听雨　回忆争与他人说」

念曩昔青枝缱绻桃花缀碧色
清溪畔蜂欢蝶舞风徐云绰绰
细柳岸缟絮纷飞好似白雪落
任年少　放纵光阴漫蹉跎

听人言君欲孤往临安习笔墨
读诗书考取状元入列花名册
临行前潸潸满眼湿却衣襟帛
言无尽　切齿含涕相允诺

春忽去秋又来纸箴言色薄
望远方　盼见郎君锦衣着
夏已走冬将至　心仍惦记京城冷热
怕只怕　冻煞那信鸽

或尝言京城美　城隍西湖好景色
梦里君与我　苏堤桥上赏曲荷
不惧西风作　但看断桥残雪落
相依偎　望断树影月婆娑

踱南屏听暮钟遥闻归舟唱棹歌
平湖婵娟起　忘却忧苦同落寞
花港锦鲤跃　夕照峰塔粼波阔
赋诗对　郎君吟唱女儿和

忆百转梦千回辗转又反侧
念郎君　徒怨千里山水隔
愿相见似梦里从此不再孤单寂寞
恨只恨　不知在几何

「一抹相思　三两番愁绪
再填四点离愁　情穿五脏六腑
奈何七零八落　望断九川
唯梦西湖十景」

终有时同郎君共赏西湖好景色
朝夕携子手　坐观残阳共云落
何畏夜色晚　恰看三潭映月仄
游曲苑　菡萏喜人人恋荷

登心亭泛画舟余晖斜照君与我
六桥烟柳荡熏风醉人入塘河
我情似高山　双峰入云自嵯峨
有君伴　此生缠绵不枉过

「十分爱意
八九次念想
又加七般情念
熬过六转五回
怎知四年三季
磨平双峰
只剩深闺一人」"
97,【洛天依翻唱】小七闲（带念白）,10.3,2608,2015-08-19,纳兰寻风,www.bilibili.com/video/av2762231?from=search&seid=5752552450412107493,"
名不正，则言不顺。
言不顺，则事不成。
事不成，则礼乐不兴。
礼乐不兴，则刑罚……
李子暄！
子不闻先生授业。
是罔顾父母希冀。
凡人皆望子为官。
余不愿为大官。
但愿为读书明理之君子。
这什么小七闲。
鄙于不屑。有辱斯文。
你是朽木不可雕。
你是孺子不可教。
出去蹲你的西风。

北平北 马驹抖雪
江南以南 诗人舟月
岭往西 漫川花懈
东来星峰登程 用异色暇接
越此山间
野寺弯着袅袅的炉烟
竹筏溪涧
牧童在岸边装个 鬼脸
也胜过千遍假情怀的诗篇

啦 啦啦啦 啦啦 我自称小七闲
啦啦啦 啦啦啦 啦啦 我写诗没人看
啦啦啦啦啦 啦啦啦 啦啦
由只身匹马天地到人间
啦啦啦啦 打油词一段
啦啦啦啦啦 啦啦啦啦 
谁不望发个腰缠万贯
且不如侃侃又有几人不会想完就算
啦 啦啦啦啦 浮云中名与权
有些得不到的想要要的拿的起的放不下的
却因此而 烦烦烦烦烦

烦~好烦~
有多烦？！我看你是神仙下凡！

采药人 移一株花
午时三刻 冲一壶茶
雨云深 神仙在说话
我卸篓走悬崖 青苔多湿滑
雷鸣电闪 有蛟龙挣断锁链
梅雨渡川 未知山那端风清云淡
也胜虚假情怀捧书自顾自怜

啦 啦啦啦 啦啦 我自称小七闲
啦啦啦 啦啦啦 啦啦 我写诗没人看
啦啦啦啦啦 啦啦啦 啦啦
由只身匹马天地到人间
啦啦啦啦 打油词一段
啦啦啦啦啦 啦啦啦啦 
谁不望发个腰缠万贯
且不如侃侃又有几人不会想完就算
啦 啦啦啦啦 浮云中名与权
有些得不到的想要要的拿的起的放不下的
也因此就 闲闲闲闲闲

你闲不闲？
我想说我比你闲你有什么好跟我拼的？
信不信了我明天就不去上班！我就这样闲嘞！
我觉得是不是我比你闲？
豁出去了！还有没有更闲？！
老板！今天的腊肉真的很咸！

终练就这一生铁肝配铁胆
管他人怎么看自己都咬紧牙关
我拖把竹椅回山中听着不老泉
云海闭眼为封
能封个小七闲"
98,【中国风原创】大唐旧梦-言和【附原创唯美PV】,10.2,1714,2015-01-29,废柴の琉璃酱,www.bilibili.com/video/av1936562?from=search&seid=3442907810557579453,"
「风景虽在，斯人已逝～惜哉！痛哉！玉环～等我！」

三江暮色 百里嘉州 
盛世锦绣 诗韵风流
自在人间 潺潺春秋 
不夜长安 四海觥筹

虎豹豺狼 胆魄尽收 
飞檐赤瓦 英雄列侯 
韶华不度 误了谁谋 
流年浮世 空月一钩 

「君不见夜来慕月祭香丘 
君不见徘徊旧燕难相留 
君不见昨日黄花伤病酒 
君不见芳魂何故陌上愁 
哈哈哈哈哈（苦笑）」

长生殿上 眉黛含羞
怕负相思 守在孤楼
轻勾往事 凝在心头 
醉罢何言 欲赋还休 

枕边残泪 若许烦愁 
君王无力 心痛何由
骊山无梦 叹尽香幽 
白绫三尺 长恨歌留 

几度浮沉 不堪回首 
流梦百转 相望凝眸
明朝有待 聚又春秋 
相觅来生 再放歌喉"
99,【洛天依原创古风】万樽言,9.8,2146,2014-10-02,没有龟壳的乌龟,www.bilibili.com/video/av1578969?from=search&seid=5752552450412107493,"执玉醅 邀月共飨
第一杯敬天地玄黄
千金樽不须辞
推杯换盏间
在座闲叙四海风光

仰入肚 心怀汤汤
第二杯祭岁月匆忙
人去后 兴未散
再独自饮琼浆
千百个是非壶中量

当年与君挥杯酣畅
道今朝拟醉疏狂
器宇如堪吞吐三江
口占七绝恣意成章

劝人莫笑稚气儿郎
击节和歌霄汉上
云飞衣衫醺然黄粱
我与卮大梦一场

倚树影 消磨暑长
落魄仙人窃酒贪凉
敬问孰可抬盏
迎我万樽言
烟云乱事皆付倾觞

闲来嗅 岸芷之芳
雅与俗并此一觚赏
月去后 雾未散
再乘兴饮琼浆
只择个逍遥弃怅惘

多少思量多少过往
纵有繁华有苍凉
但将世间风月遍尝
一人一酒唯此一香

当年我亦稚气儿郎
天竟诗才胸中藏
云飞衣衫醺然黄粱
我与我大梦一场"
100,【洛天依、乐正绫原创】流水赋【pv付】【祈音社】,9.8,1671,2016-02-22,洛劫,www.bilibili.com/video/av3924493?from=search&seid=11554333906351068358,"淡淡胭脂成魅　羞却堂前红玫
镜前徘徊玉翡　富贵华辉
绿野迷踪忘归　颦蹙迷离憔悴
独与月对相酌醅

月下思故人醉　醉与清风随 
随君共眠　抚琴难叙前世悲
暖香一缕葳蕤　栽得丹青绘
断珏再镌　引得萤光伴星辉

昔有好女，居于芳庭
喜着藕服，翡翠以簪
身柔纤细，冰肌玉骨
姽婳之人，寂寂无欢
庭有梨树，婷婷伞盖
虬枝横比，佳人常倚
银壶射月，嘴角嫣然而笑
杯中花影，眉下楚楚而泣
风卷花去，残雪留影
杯落惊月，红颜安眠

薄日斜入门扉　花架芍药香蓓
廊前衾暖细娓　旧年难悔
深闺何知思怨　墙角桃夭滴翠
自去高处独酌醅

流水遇花香醉　醉卧良人寐
寐中盈泪　陌上新桑知是谁
锦衣难掩心碎　小窗羞画眉
邀月还酹　落花蕴情本无归

流水遇花香醉　醉卧良人寐
寐中盈泪　陌上新桑知是谁
锦衣难掩心碎　小窗羞画眉
邀月还酹　落花蕴情本无归"
101,【心华】· 咏春 ·【折v】,9.6,3032,2015-07-03,折折折折v,www.bilibili.com/video/av2518369?from=search&seid=3442907810557579453,"拾一片落叶仰望新旧交叠
嫩绿自梢头微微微微露脸
被清风忽略花开得犹豫不决
独徘徊等你等你等你的一切
洒一地斑驳阳光穿过新叶
心事空流转思念渐渐倾斜
草长莺飞慰籍孤单的残雪
放开手让寒冷胆怯

日高悬风拂面留下丝丝温暖
别辜负眼前季节
花踌躇柳轻叹敢问情何以堪
徒伤悲青春年月
春知晓梦不觉恰似你我那年
不经事却说离别
燕归来莺语乱谁在歌咏春天
眼清澈笑容无邪

拾一片落叶仰望新旧交叠
嫩绿自梢头微微露脸
被清风忽略花开得犹豫不决
独徘徊等你等你的一切
许一个心愿忘记忧伤情节
闭上眼合十双手默默叨念
阳光映在眼睑我不再拒绝
暖暖的暖暖的补心里空缺
云淡淡天很蓝思绪慢慢走远
春光细细流淌幸福漫过指尖
是谁在看风景她又被谁看见
谁转身微微笑谁的心事释然
洒一地斑驳阳光穿过新叶
心事空流转思念渐渐倾斜
草长莺飞慰籍孤单的残雪
放开手让寒冷胆怯

日高悬风拂面留下丝丝温暖
别辜负眼前季节
花踌躇柳轻叹敢问情何以堪
徒伤悲青春年月
春知晓梦不觉恰似你我那年
不经事却说离别
燕归来莺语乱谁在歌咏春天
眼清澈笑容无邪

春知晓梦不觉恰似你我那年
不经事却说离别
燕归来莺语乱谁在歌咏春天
眼清澈笑容无邪

是谁在歌咏春天"
102,【乐正绫翻唱】叙世【Coin原创音乐工作室】【龙绫/剧情PV付/古风戏腔】,9.5,1889,2016-01-23,PTX,www.bilibili.com/video/av3643165?from=search&seid=5752552450412107493,"清：
这故事曾全作笑谈说
楚馆灯影里有几过客
她抚下琴音洒落
落他舟上此为她停泊

Aki/清和】：
窗外春光煦煦正温和
执青螺为她眉梢勾勒
她哼着未名短歌
若此定格能百年成说

清/Aki和】：
灯花渐弱似流星陨落
韶光流年都束之高阁
她寒夜细数更漏痴笑着
明朝按新词流霞共酌

Aki/清和】：
留下笔墨他已不记得 
她还梦里哭着呢喃着
那回忆尽头似白纸染墨
恍然中啊他欠她一诺

清：
芙蓉对镜簪三两朵
温酒已在炉上煨热
他为赴荣华怎会来喝
她还难择今日浓妆淡抹

Aki:
待浮华随夕阳隐没
她妆容半残乌云微堕
看棠花飞散凭栏独坐
天际一只伶仃寒鸦过

清：
她环着无望自楼台坠落
行人说漫天泛出桃花色
几度流连不愿放手洒脱
却如此诠释半生执着


Aki：
将烬星火是否太炽热
明日黄花会开败阡陌
清：
晚风一遍遍替她述说
谁还记得谁能一笑而过

戏：（Aki）
公子呀 
可见石阶已覆满苔霜
鸿雁几渡这青天一方
十年来成全春闺梦一场 
为何落个玉损消香 
（却落个玉损消香 ）"
103,【洛天依X洛亦天】月下 [原创PV付]【龙皇漫音社】,9.4,3622,2013-12-22,优阳炒鸽,www.bilibili.com/video/av881693?from=search&seid=5752552450412107493,"
月光靜寂 漫灑在 那河源的垂柳
伊人輕 含淒淚 演奏悲歌一兩首
漫長月夜 她等郎 在大河的流口
盼望着 苦情人 今歸舟

微風幽幽 靜靜吹 拂動了柳枝頭
那波瀾 絲不驚 絕情一江向東流
源頭方向 孤聲寂 無人回耳畔夢
剩一人 輕拭淚 眼朦

無人思起源頭的月下歌奏
在柳樹下伊人為什麼盼首
一陣風 吹亂愁
總角之宴時邀今生共相擁

輕執二胡拉動那悲傷一首
默默虛等紅塵已愁白了頭
痴心中 三十年頭
月下伊人等在河源口

桂華靜候 在這座 煙雨籠罩的樓
潮打盡 喚不醒 一城的殘花敗柳
王謝堂前 燕子又 飛向誰家牆頭
月如鈎 劃破了 誰笑容

偶爾也會 想起那 閣樓中的輕奏
看一曲 千秋歲 如何碎了這長秋
鉛華洗盡 後的你 是否眉目依舊
周公蝶 入了誰 的夢中

忘不掉的是那剎那的回眸
換了痴人須臾爛柯的守候
蒼梧墜 赤水流
青絲曾幾何時已變了白首

但願與你共飲下這杯毒酒
如同罌粟般墜落無盡冥幽
三生夢 忘川河中
你再次依偎在我胸口"
104,洛天依挑战最佳演唱的「锦鲤抄」,9.2,1987,2013-09-28,yoyo幫尼,www.bilibili.com/video/av774560?from=search&seid=5752552450412107493,"
蟬聲陪伴著行雲流浪
回憶開始後安靜遙望遠方
荒草覆沒的古井枯塘
勻散一縷過往
晨曦驚擾了陌上新桑
風捲起庭前落花穿過迴廊
濃墨追逐著情緒流淌
染我素衣白裳
陽光微涼 琴弦微涼
風聲疏狂 人間倉皇
呼吸微涼 心事微涼
流年匆忙 對錯何妨

你在塵世中輾轉了千百年
卻只讓我看你最後一眼
火光描摹容顏燃盡了時間
別留我一人 孑然一身
凋零在夢境裡面

螢火蟲願將夏夜遺忘
如果終究要揮別這段時光
裙袂不經意沾了荷香
從此墜入塵網
屐齒輕踩著燭焰搖晃
所有喧囂沉默都描在畫上
從驚蟄一路走到霜降
淚水凝成詩行
燈花微涼 筆鋒微涼
難繪虛妄 難解惆悵
夢境微涼 情節微涼
迷離幻象 重疊憂傷

原來訣別是因為深藏眷戀
你用輪迴換我枕邊月圓
我願記憶停止在枯瘦指尖
隨繁花褪色塵埃散落
漸漸地 漸漸擱淺

多年之後 我又夢到那天
畫面遙遠 恍惚細雨綿綿
如果來生太遠寄不到諾言
不如學著放下許多執念
以這斷句殘篇向歲月弔唁
老去的當年 水色天邊
有誰將悲歡收殮

蟬聲陪伴著行雲流浪 回憶的遠方﻿"
105,【洛天依】燕地离歌,9.2,2102,2013-10-20,吾不禁英俊地笑了起来,www.bilibili.com/video/av803462?from=search&seid=5752552450412107493,"秋风萧瑟天气凉
草木摇落露为霜
群燕辞归雁南翔
念君客游多思肠
慊慊思归恋故乡(恋故乡）
君何淹留寄他方（他方）
贱妾茕茕守空房
忧来思君不敢忘
不觉泪下沾衣裳
援琴鸣弦发清商
短歌微吟不能长
明月皎皎照我床
援琴鸣弦发清商（展转不寐）
短歌微吟不能长（披衣彷徨）
俯视滟滟清水波（彷徨忽已久） 
仰看皎皎明月光（白露沾我裳）
星汉西流夜未央
牵牛织女遥相望
愿飞安得翼
欲济河无梁"
106,【洛天依原创曲】月夜秋【PV付】,9.1,2520,2012-10-08,小爱P,www.bilibili.com/video/av371271?from=search&seid=5752552450412107493,"一月掛林間 指尖輕點窗沿
舉杯邀明月 再嘆月兒圓
明月又成盤 故人何時才還
獨飲月下成歡
細雨獨呢喃 心兒千迴百轉
院中無人看 再無一晌歡
天街秋雨染 遠處腳步低嘆
驀然回首隻剩淚彎彎
輕笑再輕嘆 陰晴圓缺難
牢記再不換 此為對訴情怨
溫香軟玉 與卿歌一曲
小林石板 君醉早還

月兒明 星兒稀 我誓與君不分離
笑往昔 不珍惜 如今只怕獨孤寂
輕抬臂 怕君去 又恐十年再伶仃
明月里 於君惜 再嘆一曲無別離

一月掛林間 指尖輕點窗沿
舉杯邀明月 再嘆月兒圓
明月又成盤 故人何時才還
獨飲月下成歡
細雨獨呢喃 心兒千迴百轉
院中無人看 再無一晌歡
天街秋雨染 遠處腳步低嘆
驀然回首隻剩淚彎彎
濁酒送夏殘 秋風似微寒
細雨直撲面 再念起笑顏
不現不見 月兒輕掛念
冷冷淡淡 一夢迴環

青石板 月微黯 月下形影疊成三
想當年 下雪天 緊緊相擁不知寒
酒杯乾 再斟滿 今次不醉絕不還
望君憐 春風面 只為君再笑開顏
青石板 月微黯 月下形影疊成三
想當年 下雪天 緊緊相擁不知寒
酒杯乾 再斟滿 今次不醉絕不還
望君憐 春風面 只為君再笑開顏
"
107,【古风原创曲】莺啼序-洛天依【原创PV附】,9,2132,2014-11-25,废柴の琉璃酱,www.bilibili.com/video/av1745357?from=search&seid=5752552450412107493,"
不知岁月如梭 奈何荏苒过
寒蝉没 月瞅窗前 尚有星河陨落
夜正寒 黄莺静待 子规幽咽声声寞
青绾弱 深夜无言 沉吟未果

浩浩银河 痛饮高歌 玉蟾盘天卧
遮望眼 天上人间 忽而一羽飞鹤
卷珠帘 泪眼婆娑 人未还 思情脉脉
灯花落 满怀愁绪 红笺点墨

相思谁托 残烛摇影 夜来风雨络
寂寞轻酌 缘聚缘散 死生相错
琴音美酒 沧桑世上 如梦浮生又几多
醒时却见 夜寒江风瑟瑟

浩浩银河 痛饮高歌 玉蟾盘天卧
遮望眼 天上人间 忽而一羽飞鹤
卷珠帘 泪眼婆娑 人未还 思情脉脉
灯花落 满怀愁绪 红笺点墨

相思谁托 残烛摇影 夜来风雨络
寂寞轻酌 缘聚缘散 死生相错
琴音美酒 沧桑世上 如梦浮生又几多
醒时却见 夜寒江风瑟瑟　　

垂柳婀娜 新雨拂绰 一夜寒风过
不见枯荷 妙舞清歌 烦愁尽去百花来贺
酒醉蓬莱 旭日风和 万顷烟波一渔蓑
可叹痴心 几度引来尘客
"
108,【Days-Wing翼X折V】‘夜莺’-民国风（心华，TravelDays),9,1257,2015-10-31,Days的Wing翼,www.bilibili.com/video/av3144436?from=search&seid=15651626936883667372,"
教堂镶彩色玻璃窗
窗沿是青砖砌墙
墙外的车马如水转
转身谁在长夜呢喃
夜色灯阑珊　良宵皆尽欢
觥筹交错间　梦回乡水暖

玫瑰般美丽夜莺　婉转歌颂
喧嚣不夜城中
华灯上杯光魅影　歌舞升平
笑迎千百次相逢
时常在恍惚之间　感慨万千
繁华迷了双眼
焉然回首昨天已经越走越远
沧桑布满脸

春季到来绿满穹　姑娘绣鸳鸯
夏季到来柳丝长
少年却已漂泊到长江

记忆中泥巴抹的墙
墙上青葱爬满了窗
田间稻花香　蜿蜒小道宽
闯荡岁月长　步履皆蹒跚

抬头看星光灿烂　月色皎洁
流星划过天边
回头想灯红酒绿　繁华璀璨
随波逐流那时间
转眼间落花水流　韶然已逝
徒留片地春风
往日幻化成空时光把人捉弄

麻石铺巷子里面　小小世界
疯狂肆意少年
闯荡在城市之间　繁华迷眼
模糊记忆中笑脸
轮回著四季变迁　沉淀想念
回味她的腼腆
仲夏的不眠夜独自将凉茶添
苦涩透著甜"
109,【洛天依原创】两小无猜【PV付】,8.9,1047,2017-03-08,没有龟壳的乌龟,www.bilibili.com/video/av9043148?from=search&seid=5752552450412107493,"
上花轿 过石桥 心儿跳 面儿娇
看芭蕉 夹竹桃 小小新娘睡着了
过石桥 等花轿 小小新郎蹦蹦跳
等你（我）来把我（你）的红纱揭掉

青梅竹马白头老 鸳鸯戏水找不到
你在何方 是否在那等我
两小无猜齐眉老 蒹葭苍苍都找到
我已在这 等你找到我

下花轿 绕三道 花儿笑 鸟儿叫
桃花飘 缓步摇 小小新娘进门了
迎花轿 美人抱 小小新郎喜气绕
一起步入府中把堂拜好

青梅竹马白头老 鸳鸯戏水找不到
我找到你 你对我微微笑
两小无猜齐眉老 蒹葭苍苍都找到
你找到我 对我笑一笑

青梅竹马白头老 鸳鸯戏水找不到 
永结同心 你只对我最好
两小无猜齐眉老 蒹葭苍苍都找到
此情不老 一辈子……
就好"
110,【原创曲】乐正绫「寄明月」、(国风舞曲 Proj 1/4),8.8,1587,2017-10-03,T2o,www.bilibili.com/video/av15039325?from=search&seid=15651626936883667372,"穿过了小巷后的古街　青墙旁你遥望夕阳斜
只因是不经意的一瞥　扰乱我思绪不舍昼夜
想化作庄周变成蝴蝶　架青云穿过繁枝茂叶
纵然是群山层层叠叠　也无心在此流连停歇

将相思寄明月　期盼你能察觉
将你写作诗阙　送千里无邪

你就是梦浸白了新月
才会有悲欢离合阴晴圆缺
你就是风染红了枫叶
才会让我的思念漫山遍野

你就是泪浸白了初雪
才会如离人来去飘洒摇曳
你就是你染红了岁月
改变我黑白而无言的世界

如溪水潺潺淌过古街　带走了如梦般的时节
小桥上人潮络绎不绝　牵引我思绪层出不迭
若不识梁祝变成蝴蝶　驾紫烟穿过天上宫阙
绝不知人间多愁离别　吹落叶散作秋风清切

将相思寄明月　心缱倦意难决
将此情置长夜　似繁星明灭

你就是梦浸白了新月
才会有悲欢离合阴晴圆缺
你就是风染红了枫叶
才会让我的思念漫山遍野

你就是泪浸白了初雪
才会如离人来去飘洒摇曳
你就是你染红了岁月
改变我黑白而无言的世界

你就是梦浸白了新月
才会有悲欢离合阴晴圆缺
你就是风染红了枫叶
才会让我的思念漫山遍野

你就是泪浸白了初雪
才会如离人来去飘洒摇曳
你就是你染红了岁月
改变我黑白而无言的世界"
111,【心华】音符成诗【原创曲PV付】TV size.,8.7,1238,2016-08-15,純白,www.bilibili.com/video/av5824578?from=search&seid=5752552450412107493,"
飒爽笑傲红尘 醉舞剑
冬去春来又是 新一年
三杯浊酒灌喉 倾了空城颜
谁又能听见

霜雪浇灭灰烬 千岁间
执笔总爱描摹 世界线
夏风拂过容颜 迷了这情节

凉雨洒落在 湖面
尘埃落繁花 不见
仍然说不尽 喜欢 听闻你的一切

灼烧葬花你 泪眼
仿若世末般 凄切
加倍动容的 是你 惊才绝艳

画音符成诗 翩跹 回音不绝
是谁在撩拨 琴弦
诗句悠然间 哼唱着 星河烂漫

画音符成诗 翩跹 回音不绝
是你在撩拨 琴弦
时光悠然间 期待着 新的诗篇"
113,【洛天依原创】异闻堂,8.6,3002,2013-07-13,一天天,www.bilibili.com/video/av647115?from=search&seid=5752552450412107493,"
一席长袍促惊心　怀梦铜镜对窗棂
若遇青灯路边明　莫叹息
八尾猫信步中庭　谁人裁花贴人皮
画眉执笔　触目骇人
客官　异闻堂请

伊半步一轻吟　市街回眸衣襟
引痴情人同行　葬枯骨底井
红梳七尺冰　刺入妒者眉心
诅咒他轮回无尽
永坠地狱　食尘土粪泥
嗜血人面蚤　它跃然纸上
锦屏邀芍药　花尸笑妖娆

莫惊呼　异兮异兮
琳琅鬼怪灵精
随步至中庭稍憩
雕花一杯而后听君吟
怡兮怡兮
饮罢再续少顷
捻连须　夜歌笙鸣
一波三折异闻未尽　方起

谁持骨奏清音　月伴阡陌凛凛
惹迷途人垂情　醉梦不复醒
朱绳系虫螟　寄居仇人腹心
诅咒那吸髓噬筋
瘴鬼积于　至失魂痴癔
镜前容颜凋　丹砂磨一遭
点睛梁上鹞　扑翅飞逍遥
唳飘渺

你好　这里是异闻堂
有缘至此　请不必拘礼
在这里
你可以实现心中的所欲所想
纵视天下奇闻怪谈
鼓掌鬼怪灵精

莫惊呼　异兮异兮
琳琅鬼怪灵精
随步至中庭稍憩
雕花一杯而后听君吟
怡兮怡兮
饮罢再续少顷
捻连须　夜歌笙鸣
引吭今夜凭　放浪劳形

噫兮噫兮
市侩三千尘音
弦外听君临相惜
舀华月半樽为尔解因
逸兮逸兮
哗然百鬼夜行
与同座异闻方起
共醉魑魅只叹夜尽　天明

静默巷前何人停　缘起半步偎桑荫
异闻堂等君来行　日夜相迎
"
112,&lt;洛天依&gt; 食事--关于食物的一切美好遐想,8.6,1082,2016-10-09,風守miNado,www.bilibili.com/video/av6604992?from=search&seid=5752552450412107493,"正月初　残雪晒过后　饮半壶雾气
鸿雁来　正草木繁荫　青鲤脍如云
等清明　履春水独行　随藜蒿同裹 几团青
此番味　只一箸入口　忆几重春秋

小满已至　千颗红珠
里落半阙采桑子　甘留唇齿
青梅煮雨　大梦初醒时　
再饮一盏琉璃　不必再梦　不必再醒

夏至一碗银线　玉箸如横秋练 
小暑后再解画船　采一节玉雪鲜甜
浴罢新月折新荔　玉液如凝水流萤
恍然抬眼　光阴　缠绵若风潆

立秋来　银刀斫清瑶　凉瓠蕴红冰
白露夜　小煎青芽唤　十年尘梦饮
再寒露　玛瑙红欲滴　依稀是榴花　照眼明
已霜降　柿如日光映　琼浆似霞昕

小雪初覆　舂声起石臼里
新米粘糯温绵　解作团圆
凛冬将至　捧一碗温袅
气吞吐云烟　方能解这数九苦寒

世有珍馐万千　日食不过三餐
形色各异称百味　无非甘苦辛酸咸
可这舌尖堪一点　与寸心同尝冷暖 
俗世人间　便值　得百般流连"
115,【乐正绫原创】龙耀无双【呆毛社】【原创PV付】,8.4,2440,2015-08-18,呆毛顶天米饭团子,www.bilibili.com/video/av2760761?from=search&seid=5849885230816550116,"一夜苍茫 染山河万里霜
望烽火烟扬 解厩前马缰
城墙之上 谁深宫闺阁出绣房
撇去花黄 叹乱世无常

你高台吟唱 转身掩泪光
来生且茫茫 谁不羡慕鸳鸯
我提刀向东方

且将吾所歌留于大地万里山河
边城上梦里繁花尽落
为你血战百场
苦难千般又有何妨
愿你举世再无双

啊~风过城池耳畔响
尸骨未凉
哪日我醉卧沙场
还请待我荣耀归来为你傲世无双

豆蔻时年 你嫣然住香帐
却欲舞刀剑 披一身戎装
古琴一曲 肃杀百花压群芳 
曲罢三日 仍余音绕梁

盘龙殿前 百官无声张
我泱泱大国 尊玉陛之上
岂可下嫁蛮荒

且将吾项上头颅献于青天万丈
轩辕门外旌纛齐飘扬
中军大帐帘外
金鼓声声催我上马旁
此战功成举世再无双

风过城池耳畔响
一身狂张
哪怕我醉死沙场
愿我能得平安归去为你傲世无双

且将吾热血一腔漫撒辽远边疆
只恐你临窗寸断肝肠
平阳落雁南归去
同携我书信一张
一生傲世再无双

啊~风过城池耳畔响
患伤未凉
恐是将枉死沙场
来生茫茫
能否还你两厢举世无双"
114,【依、绫、心华合唱】春意红包（元宵快乐）,8.4,1885,2017-02-11,Days的Wing翼,www.bilibili.com/video/av8548508?from=search&seid=5752552450412107493,"
小麦面包饺喜色上眉梢
点柳翠画春晓
找旧样铜板穿一串吉兆
把春意装满红包

廊下的小阿妹摇头晃脑
望着瓦上的碎嘴家雀
问它们春日的鸟儿何时才能到
穿街搜巷沿路找
看邻家的老人摘下毡帽
虽是脱去冬衣还尚早
宰鸡鸭起炉灶　揭开自家陈酿
偷偷尝一瓢

大鬼叫小鬼叫　邪祟吓得跌倒
该用什么清扫　锣鼓鞭炮
小孩儿快来瞧　别再人堆胡闹
只有听话乖巧　来年才能长高
和纸浆采朱砂　攒一摞春联叠好
剪金花染红料　再糊一个四方小包
对花调抄童谣　写一串吉祥安好
扶正了封面　画上春来到

一片翠色葱葱明快又跳跃
几瓣海棠山茶花儿相映笑
再蘸浓墨潦草添只燕子闹
红绳绕来封一个大红包

找一张晒烫的板凳歇脚
看你眼下又布满操劳
编织橙黄蓝绿把烦恼全都忘掉
抬手捧一把红枣
骗怕生的小妹点灯睡觉
会有鬼祟在夜晚来到
她慌张我偷笑连说不怕不怕
让我去赶跑

左搭肩右帮腔　挤兑迟来的大忙人
礼物未到　人怎能到
表嫂吵大舅闹　连天地喳喳叫
我装作听不到　盘坐把碗延敲
踩高跷抓花包　撩一挂红衣鞭炮
打年糕串辣椒　抹花我的胭脂粉膏
侃八卦讲小道　等杯中茶酒减少
将手上红包　塞进你棉袄

你送吉祥如意幸福快来到
我送百年顺遂不怕被火烧
再求来年生辰添一分美貌
拱手摇同鞠一躬对眼笑

小麦面包饺喜色上眉梢
点柳翠画春晓
找旧样铜板穿一串吉兆
把春意赠与明朝

左搭肩右帮腔　热闹话不见少
你来蒸我来挑　塞满嘴的玉米包
干柴烧火焰高　烦心事已寥寥
眯眼瞧　把红包塞进你棉袄

一片翠色葱葱明快又跳跃
几瓣海棠山茶花儿相映笑
封着吉祥如意幸福快来到
红绳绕拆开春意大红包
"
116,【洛天依·乐正绫系列曲】江陵赋（依临九州）【pv付】,8.2,2323,2016-02-17,桑葚上的猴子,www.bilibili.com/video/av3863871?from=search&seid=5752552450412107493,"清晰却无从诉说
行云散去
指尖去勾勒
不见情缘化作飘零天间的古歌
漫于无人知晓的阡陌

模糊亦无处捉摸
花叶飘落
伞边的寄托
可知刻骨铭心也已淡却了执着
相思情却与谁诉说

在云海漫步迷离着
寻不到那双眸
不知何年能再相逢
那时的粲然烟火

光阴埋藏的孤单
行路踏去
清晰的思念
也曾固执的心却已化作了雨点
只留点滴水声在作伴

岁月淡去的幽怨
梦回那时
烟雨中相伴
三生情 伤了谁
留待来世去诉说
苍茫中未尽的因果

在云海漫步迷离着
寻不到那双眸
不知何年能再相逢
那时的粲然烟火

月光散落惶与惑
洗去半生颠簸
在明眸深处倒映着
书卷上定格的你与我"
118,【洛天依】原创国风曲+PV---《巷》,8.1,3663,2012-08-04,浅指皙,www.bilibili.com/video/av326484?from=search&seid=3442907810557579453,
117,【乐正龙牙原创曲】书生【litterzy】【龙言向】,8.1,2186,2017-08-23,litterzy,www.bilibili.com/video/av13714796?from=search&seid=5752552450412107493,
119,【洛天依】骑士背影,7.9,3168,2012-08-09,时空游客,www.bilibili.com/video/av330608?from=search&seid=15651626936883667372,
120,【洛天依】丝竹之弦,7.8,3329,2012-07-18,PoKeR_扑克,www.bilibili.com/video/av311688?from=search&seid=3442907810557579453,
122,【初音中文・古风原创】秋月赋,7.6,1522,2015-09-26,猫站便利店,www.bilibili.com/video/av2958371?from=search&seid=11783929315547033125,
121,王朝、初音未来中文、月满西江、神落大陆Project,7.6,1098,2017-10-04,王朝,www.bilibili.com/video/av15059551?from=search&seid=11783929315547033125,
124,【洛天依·乐正绫系列曲】芒种（节气物语）【PV付】,7.5,2423,2016-06-08,桑葚上的猴子,www.bilibili.com/video/av4900971?from=search&seid=5849885230816550116,
123,【洛天依乐正绫原创曲】樱花绽放时【原创PV付】,7.5,1340,2017-08-07,喵九不是猫九,www.bilibili.com/video/av13070537?from=search&seid=11783929315547033125,
125,【洛天依原创】华胥梦【无名社X醉秋辞】,7.3,1680,2016-06-07,无名社,www.bilibili.com/video/av4889553?from=search&seid=11783929315547033125,
126,归霞与客  vocaloid,7.1,1837,2016-07-03,風守miNado,www.bilibili.com/video/av5186330?from=search&seid=11783929315547033125,
127,【乐正绫原创】沧月啸【Near.Clock、折v、】【Days乐团】,7.1,1707,2016-07-28,折折折折v,www.bilibili.com/video/av5535846?from=search&seid=11783929315547033125,
129,【洛天依原创】红豆【唯love燕子】,7,2837,2013-11-25,北冥有燕,www.bilibili.com/video/av849013?from=search&seid=11783929315547033125,
128,【言和】战国春秋,7,1105,2015-06-21,影随龙风,www.bilibili.com/video/av2465995?from=search&seid=11783929315547033125,
130,【言和重制/全实录】大唐玄怪来谒 2016 ft.纳兰寻风、大司乐坊,7,1474,2016-08-18,康师傅の海鲜面,www.bilibili.com/video/av5876523?from=search&seid=3442907810557579453,
133,【洛天依·乐正绫系列曲】清明（节气物语）【pv付】,6.9,1727,2016-04-02,桑葚上的猴子,www.bilibili.com/video/av4255170?from=search&seid=5849885230816550116,
131,【言和原创】人在千古【litterzy】,6.9,1731,2016-04-29,litterzy,www.bilibili.com/video/av4501020?from=search&seid=11783929315547033125,
132,【洛天依】笠泽之畔3.0【原创曲pv付】【Sodatune】,6.9,966,2017-08-11,純白,www.bilibili.com/video/av13214843?from=search&seid=11783929315547033125,
134,【洛天依原创】长恨歌【PV付】,6.8,1482,2013-01-01,可乐+牛奶,www.bilibili.com/video/av429455?from=search&seid=11783929315547033125,
135,【原创】《长亭别》——洛天依X乐正绫,6.7,1018,2016-01-02,芹菜猪肉大馄饨,www.bilibili.com/video/av3498013?from=search&seid=5849885230816550116,
137,【洛梦绫音】落花雨【乐正绫x洛天依】【原创PV付】,6.5,1340,2016-01-10,SAS苍穹之歌乐团,www.bilibili.com/video/av3553987?from=search&seid=5849885230816550116,
136,【洛天依翻唱】大鱼海棠印象曲《大鱼》【明遥】,6.5,1428,2016-05-24,明遥vicky,www.bilibili.com/video/av4753287?from=search&seid=11783929315547033125,
139,洛天依《彼岸花》(一图流)原创曲,6.4,1250,2014-12-13,lzg87150379,www.bilibili.com/video/av1796077?from=search&seid=3442907810557579453,
138,【逸恋仙居】仙居谣【洛天依版PV】,6.4,1826,2015-06-23,冬子orz,www.bilibili.com/video/av2474005?from=search&seid=11783929315547033125,
140,【洛天依 • 中文古风】【公子无心】【PV付】,6.3,1709,2014-02-28,驸马小豆,www.bilibili.com/video/av987680?from=search&seid=11783929315547033125,
142,【清风与我】【言和】,6.3,1114,2015-12-18,南岐_,www.bilibili.com/video/av3405409?from=search&seid=3442907810557579453,
141,【乐正绫原创】金榜望（PV付）,6.3,1662,2016-03-17,黒白君,www.bilibili.com/video/av4115103?from=search&seid=11783929315547033125,
143,【洛天依原创】一夜飞花【PV付】,6.2,1744,2013-01-31,黑方Serge,www.bilibili.com/video/av456683?from=search&seid=11783929315547033125,
144,【洛天依原创】弑月(PV附)【裕剑流】中国风,6.1,2121,2012-11-02,裕剑流P,www.bilibili.com/video/av386608?from=search&seid=3442907810557579453,
146,纪念那些年我们一起追过的——《纨绔》,6,2077,2012-09-08,水琴,www.bilibili.com/video/av353624?from=search&seid=11783929315547033125,
145,【乐正绫】乱舞苍穹【古风原创PV付】,6,1528,2016-02-23,Ace丨Zero,www.bilibili.com/video/av3927062?from=search&seid=11783929315547033125,
147,【洛天依原创】旧时光【含PV】,5.9,1466,2013-05-17,皓月-moonqshine,www.bilibili.com/video/av569728?from=search&seid=11783929315547033125,
148,【洛天依古风原创】绝笔·子不语【南北组】【DC次元裂缝社】,5.9,1348,2014-10-19,DC次元裂缝社,www.bilibili.com/video/av1634761?from=search&seid=11783929315547033125,
149,【乐正绫翻唱】三月雨,5.7,1852,2015-07-18,花儿不哭,www.bilibili.com/video/av2590748?from=search&seid=17837443071965905069,
150,【乐正龙牙】极欲妖道【章鱼烧正太】男妖之魅,5.7,1147,2017-09-30,章鱼烧正太,www.bilibili.com/video/av14925254?from=search&seid=17837443071965905069,
152,【洛天依】蜀绣【李宇春】,5.6,1401,2015-10-10,糖分dongongngg,www.bilibili.com/video/av3040618?from=search&seid=17837443071965905069,
151,【乐正龙牙X乐正绫原创】初【龙绫】【原创pv付】,5.6,1797,2017-07-06,陌然的盆盆,www.bilibili.com/video/av11946832?from=search&seid=17837443071965905069,
154,【中文初音】皓月·中国风R&amp;B——半杯盛唐,5.5,1032,2011-09-28,皓月-moonqshine,www.bilibili.com/video/av150118?from=search&seid=3442907810557579453,
153,【乐正绫翻唱】江南雨【无名社】【古风&amp;唯美PV】【高音】【Ω】,5.5,1015,2016-04-03,小欧O,www.bilibili.com/video/av4262594?from=search&seid=17837443071965905069,
155,【Sr】风华诀【言和/洛天依翻唱】,5.4,1766,2013-12-01,西凉若若,www.bilibili.com/video/av856974?from=search&seid=17837443071965905069,
156,【洛天依乐正绫原创】《百鬼惜》【聆语社】【重置治愈向PV付】,5.3,1508,2015-08-28,聆语社,www.bilibili.com/video/av2820598?from=search&seid=13245993803613514093,
157,【洛天依原创曲】倾城【一图流】,5.2,1121,2012-11-02,レストー,www.bilibili.com/video/av386491?from=search&seid=17837443071965905069,
158,【洛天依·乐正绫】锋芒千里—少年三国志同人曲/归墟出品,5.2,555,2016-11-19,O2O归墟原创,www.bilibili.com/video/av7160586?from=search&seid=13245993803613514093,
159,【洛天依原创】谷雨（节气物语专辑ver）【PV付】,5.2,935,2017-07-20,桑葚上的猴子,www.bilibili.com/video/av12399023?from=search&seid=13245993803613514093,
164,【洛天依】枉凝眉-BY：毛毛虫P（更新虐版）,5.1,1116,2013-04-13,利昂·艾尔托沙,www.bilibili.com/video/av534264?from=search&seid=13245993803613514093,
163,【Days乐团】荧光蝶（Wing翼）-F.T洛天依,5.1,1423,2013-04-28,Days的Wing翼,www.bilibili.com/video/av548744?from=search&seid=8887934462915994242,
161,【洛天依古风中翻】无名歌,5.1,1310,2015-07-14,纳兰寻风,www.bilibili.com/video/av2572746?from=search&seid=17837443071965905069,
160,【阿杰729、言和、乐正绫、洛天依】盛唐夜唱【元宵节快乐】,5.1,692,2016-02-22,鬼面P,www.bilibili.com/video/av3920177?from=search&seid=17837443071965905069,
165,【洛天依乐正绫原创】锦年入梦【litterzy】,5.1,888,2016-08-10,litterzy,www.bilibili.com/video/av5743048?from=search&seid=13245993803613514093,
162,【洛天依原创曲】鬼狐【洛劫】【祈音社】【原创PV付】,5.1,551,2017-09-05,洛劫,www.bilibili.com/video/av14184767?from=search&seid=17837443071965905069,
167,"【芝麻糊天依.忆香完结】黑白回忆.民国风（兔子Jei,Days乐团)",5,914,2015-11-20,Days的Wing翼,www.bilibili.com/video/av3249232?from=search&seid=8887934462915994242,
166,【洛天依原创】少林棍（《红·花开时代》合辑收录曲）,5,657,2016-05-15,康师傅の海鲜面,www.bilibili.com/video/av4662365?from=search&seid=3442907810557579453,
168,【言洛贺年曲】矫情 Vocal:言和 洛天依,4.9,1104,2014-02-10,绛舞乱丸,www.bilibili.com/video/av956926?from=search&seid=17837443071965905069,
169,【琅琊榜】【洛天依】赋琅琊,4.9,780,2015-10-31,五色石南叶,www.bilibili.com/video/av3146633?from=search&seid=17837443071965905069,
170,【洛天依X乐正绫】《霜降 • 归雁》【小旭PRO】,4.9,607,2016-11-01,小旭PRO,www.bilibili.com/video/av6912780?from=search&seid=17837443071965905069,
172,【二四风信】清明【南北组原创】,4.7,932,2016-04-04,六磬,www.bilibili.com/video/av4270757?from=search&seid=6375701607665184566,
171,【洛天依-重阳节原创曲】雁去台【贺节组强势回归！！】,4.7,801,2016-10-07,康师傅の海鲜面,www.bilibili.com/video/av6581190?from=search&seid=3677010553477224642,
173,【洛天依】社戏【PV附】,4.6,1863,2014-02-11,Lw222,www.bilibili.com/video/av958017?from=search&seid=17837443071965905069,
175,【洛天依】青丝雨【BY晓仙】【PV付】,4.5,1481,2013-04-24,二树君HH,www.bilibili.com/video/av544858?from=search&seid=3677010553477224642,
174,【乐正龙牙】《长生诀》/龙牙真的好适合唱古风歌啊啊,4.5,395,2017-07-10,A186哎,www.bilibili.com/video/av12073914?from=search&seid=17837443071965905069,
178,【洛天依原创】清明雨【PV付】【天守社】,4.4,2331,2014-04-04,Murcie,www.bilibili.com/video/av1043732?from=search&seid=6375701607665184566,
176,【洛天依 乐正绫】七夕（By：樱花吹雪丶）【小清新PV附】,4.4,1203,2015-08-20,樱花吹雪丶,www.bilibili.com/video/av2768293?from=search&seid=17837443071965905069,
177,【言和原创曲】聂隐娘【甘泽谣系列】,4.4,1003,2016-09-15,康师傅の海鲜面,www.bilibili.com/video/av6282282?from=search&seid=3677010553477224642,
179,【洛天依原创古风】水墨赋【PV付】【小A－祈音社】,4.3,1216,2015-05-09,晴小A,www.bilibili.com/video/av2308203?from=search&seid=17837443071965905069,
180,【洛天依X乐正绫】真●清明上河图【理科生天依酱】,4.3,833,2015-08-03,理科生天依酱,www.bilibili.com/video/av2673173?from=search&seid=17837443071965905069,
181,【洛天依·乐正绫系列曲】夏至（节气物语）【实录PV付】,4.3,928,2016-06-23,桑葚上的猴子,www.bilibili.com/video/av5071018?from=search&seid=6375701607665184566,
183,【言和翻唱】言和易冷（feat.洛天依 乐正绫）【砖厂浪人】,4.2,2239,2016-01-04,砖厂浪人,www.bilibili.com/video/av3512712?from=search&seid=3677010553477224642,
182,【初音未来V4C原创曲】大荒碑【litterzy】,4.2,775,2017-09-10,litterzy,www.bilibili.com/video/av14336392?from=search&seid=17837443071965905069,
185,【洛天依】耀御天下,4.1,819,2015-06-07,影随龙风,www.bilibili.com/video/av2412431?from=search&seid=2943260885394141049,
184,【洛天依原创古风】桃花吟【PV付】【小A－祈音社】,4.1,1499,2015-06-20,晴小A,www.bilibili.com/video/av2461214?from=search&seid=2943260885394141049,
187,【乐正绫】女儿情（By：樱花吹雪丶）【小清新pv附】,4.1,1251,2015-10-23,樱花吹雪丶,www.bilibili.com/video/av3103695?from=search&seid=2943260885394141049,
188,【乐正绫/洛天依】春来发几枝【溱绫/南北】【原pv付】,4.1,769,2016-11-28,溱绫西陌,www.bilibili.com/video/av7295034?from=search&seid=15625765734695994428,
186,【星尘x言和 Feat.洛天依】剑网三浩气盟战歌《以身戮恶》【归墟原创团队】,4.1,817,2016-12-25,O2O归墟原创,www.bilibili.com/video/av7690945?from=search&seid=2943260885394141049,
189,【洛天依】夜灼花火【原创曲】【最后的更新】,4,1742,2012-07-16,巫教,www.bilibili.com/video/av310151?from=search&seid=2943260885394141049,
193,【南北组合唱】三月雨 【洛天依x乐正绫】,4,1104,2015-07-21,litteF渣形态,www.bilibili.com/video/av2608266?from=search&seid=15625765734695994428,
191,【洛天依·乐正绫系列曲】大暑（节气物语）【PV付】,4,867,2016-08-07,桑葚上的猴子,www.bilibili.com/video/av5687798?from=search&seid=15625765734695994428,
192,【洛天依原创】梨花酿【砖厂浪人/乐清歌】,4,688,2017-05-01,砖厂浪人,www.bilibili.com/video/av10227802?from=search&seid=15625765734695994428,
190,【初音V4C/乐正绫/心华】月西江【溱绫/逢时】【翻唱曲/pv付】,4,1296,2017-09-20,溱绫西陌,www.bilibili.com/video/av14623023?from=search&seid=2943260885394141049,
194,【洛天依】不问前尘【pv付】,3.9,1590,2014-04-05,Aosora,www.bilibili.com/video/av1044062?from=search&seid=2943260885394141049,
195,【乐正龙牙领衔】盛唐夜唱【原创PV付】【VC全员合唱feat.VJ】,3.9,984,2017-07-19,鬼面P,www.bilibili.com/video/av12349314?from=search&seid=2943260885394141049,
196,【洛天依原创】贪【YGY/pv付】,3.8,726,2014-12-11,YGY,www.bilibili.com/video/av1790430?from=search&seid=2943260885394141049,
197,【Days】洛天依同人音乐专辑‘三月雨’宣传PV,3.7,1726,2012-12-09,Days的Wing翼,www.bilibili.com/video/av411434?from=search&seid=2943260885394141049,
198,【洛天依X乐正绫原创曲】昙梦【双面乐府】【夜明挽歌】【初版PV付】,3.7,812,2015-10-30,夜明挽歌√,www.bilibili.com/video/av3137677?from=search&seid=2943260885394141049,
201,【中国风原创】沁园春-洛天依【Varied】（附原创PV）,3.6,1038,2015-06-18,废柴の琉璃酱,www.bilibili.com/video/av2451897?from=search&seid=3677010553477224642,
200,【乐正绫原创】亭亭如盖【PV付】,3.6,704,2016-05-06,yyyyyyyyyyy叔,www.bilibili.com/video/av4572152?from=search&seid=2943260885394141049,
199,【洛天依|言和|乐正绫|星尘】落花情,3.6,1040,2017-08-07,泺淅,www.bilibili.com/video/av13079527?from=search&seid=2943260885394141049,
202,【洛天依原创】提灯照河山【litterzy】,3.5,748,2013-09-21,litterzy,www.bilibili.com/video/av767487?from=search&seid=2943260885394141049,
208,【芝麻糊天依】餘音（Days乐团）,3.5,1053,2014-03-14,Days的Wing翼,www.bilibili.com/video/av1009011?from=search&seid=15152702373453843942,
207,【洛天依】中华烛火娘【原创曲】【原版】【已授权】,3.5,827,2014-03-17,Dr.X-Y,www.bilibili.com/video/av1015093?from=search&seid=3677010553477224642,
205,【乐正绫洛天依翻唱】牵丝戏【一图流PV付】,3.5,917,2015-07-23,超高校级的中二病S君,www.bilibili.com/video/av2614627?from=search&seid=2943260885394141049,
204,【言和X乐正绫】天策·枪魂【古风翻唱】,3.5,926,2015-11-01,明遥vicky,www.bilibili.com/video/av3155531?from=search&seid=2943260885394141049,
203,【洛天依言和原创】纯阳 - 千岁暖【cos pv付 】【litterzy】（coser：夙酱X莱飒斯）,3.5,391,2016-05-13,litterzy,www.bilibili.com/video/av4638549?from=search&seid=2943260885394141049,
206,【洛天依 乐正绫】新贵妃醉酒【翻唱】【戏腔】,3.5,621,2016-12-10,IcyDesiRe,www.bilibili.com/video/av7468402?from=search&seid=2943260885394141049,
213,【洛天依原创】加速坠落【裕剑流】中国风,3.3,1329,2012-08-12,裕剑流P,www.bilibili.com/video/av333106?from=search&seid=3677010553477224642,
215,【言依绫心】折子戏【虐心感人向】【耳机福利】【Angel Beats PV附】【夏洛特】,3.3,376,2016-01-05,Melantha夏洛特,www.bilibili.com/video/av3522887?from=search&seid=7091442333003109101,
214,【洛天依·乐正绫系列曲】小暑（节气物语）【PV付】,3.3,760,2016-07-08,桑葚上的猴子,www.bilibili.com/video/av5244676?from=search&seid=7091442333003109101,
209,【洛天依古风原创】繁花随雨,3.3,462,2016-07-10,-LKs-,www.bilibili.com/video/av5277248?from=search&seid=2943260885394141049,
212,【乐正绫原创系列曲】清明（节气物语）【一图pv付】,3.3,481,2017-04-03,桑葚上的猴子,www.bilibili.com/video/av9591128?from=search&seid=17140896237779375929,
210,【洛天依原创曲】我之仅有【海鲜面x邪叫x纳兰】,3.3,430,2017-04-28,康师傅の海鲜面,www.bilibili.com/video/av10145065?from=search&seid=17140896237779375929,
211,【言和翻唱】明月天涯（一图流）,3.3,1016,2017-07-01,纳兰寻风,www.bilibili.com/video/av11772259?from=search&seid=17140896237779375929,
217,【国人原创】中国风初音ミク 裕剑流《弑月》,3.2,949,2012-04-05,裕剑流P,www.bilibili.com/video/av242351?from=search&seid=3677010553477224642,
216,【言和原创曲】一任旧风华【litterzy】,3.2,859,2017-07-27,litterzy,www.bilibili.com/video/av12640330?from=search&seid=17140896237779375929,
221,【洛天依·中秋贺】月夕引【原创词曲PV】,3.1,808,2013-09-17,康师傅の海鲜面,www.bilibili.com/video/av762122?from=search&seid=17140896237779375929,
219,【洛天依原创】《情何以入剑》  古风&amp;初投稿,3.1,1333,2014-09-07,白茔,www.bilibili.com/video/av1508259?from=search&seid=17140896237779375929,
226,【中国风原创】红楼旧梦-洛天依【Varied】（附原创PV）,3.1,639,2016-02-25,废柴の琉璃酱,www.bilibili.com/video/av3946203?from=search&seid=3677010553477224642,
223,【南北组】【洛天依原创古风】他们【无名社】,3.1,563,2016-04-19,B9B9,www.bilibili.com/video/av4409478?from=search&seid=17140896237779375929,
222,【星尘】化蝶梦令【古风】【星心组】,3.1,980,2016-07-12,折折折折v,www.bilibili.com/video/av5309414?from=search&seid=17140896237779375929,
224,【依-绫原创曲】湘浪别（pv付）,3.1,634,2016-09-01,桑葚上的猴子,www.bilibili.com/video/av6110992?from=search&seid=17140896237779375929,
218,【洛天依原创曲】红昭愿,3.1,323,2017-03-10,音阙诗听,www.bilibili.com/video/av9069042?from=search&seid=17140896237779375929,
225,【乐正龙牙】我的一个道姑朋友,3.1,414,2017-07-17,人流中心,www.bilibili.com/video/av12287405?from=search&seid=17140896237779375929,
220,【乐正绫原创】听一只妖讲神的过去【著小生/半木生】,3.1,545,2017-10-23,著小生zoki,www.bilibili.com/video/av15642444?from=search&seid=17140896237779375929,
227,【捂脸社】【洛天依】【新贵妃醉酒】【千樱】,3,1159,2014-07-06,赤夜千樱,www.bilibili.com/video/av1262177?from=search&seid=17140896237779375929,
228,【乐正龙牙腐向】痒【原创PV付】,3,1301,2017-07-01,柔软の棉花p,www.bilibili.com/video/av11794566?from=search&seid=17140896237779375929,
230,[洛天依] 沧海一声笑(翻唱)PV付.......,2.9,658,2015-02-07,玛达噢,www.bilibili.com/video/av1968136?from=search&seid=17140896237779375929,
232,【言和中国风原创】破军刃,2.9,430,2015-02-17,康师傅の海鲜面,www.bilibili.com/video/av2011700?from=search&seid=3677010553477224642,
231,【新葛平】乱尘戏【戏腔】,2.9,772,2016-01-14,樗儿,www.bilibili.com/video/av3577921?from=search&seid=17140896237779375929,
233,【2017元宵】京剧（中国风原创）【Kim feat.乐正绫】,2.9,362,2017-02-04,江雨燃,www.bilibili.com/video/av7734014?from=search&seid=3677010553477224642,
229,【乐正龙牙x言和】将进酒【戏腔付】【原pv付】,2.9,910,2017-09-10,古小枫i,www.bilibili.com/video/av14342221?from=search&seid=17140896237779375929,
235,【Days-Ray雷】\&#39;气流\&#39;Travel Days(星尘）,2.8,808,2016-04-30,Days的Wing翼,www.bilibili.com/video/av4513802?from=search&seid=17140896237779375929,
236,【言和原创】以念为灯——纪•已至不惑的吴邪【VC本家】,2.8,1526,2017-03-05,嘀信号,www.bilibili.com/video/av8942321?from=search&seid=17140896237779375929,
234,【乐正龙牙古风原创曲】上言长相思【PV付】,2.8,676,2017-10-18,没有龟壳的乌龟,www.bilibili.com/video/av15518093?from=search&seid=17140896237779375929,
242,【中文原创】巡音Luka-如梦令,2.7,1696,2012-07-01,青鸟灬Sky,www.bilibili.com/video/av298784?from=search&seid=5525186386562034786,
238,【洛】《镇命歌·画皮》,2.7,896,2012-11-04,水琴,www.bilibili.com/video/av388188?from=search&seid=17041425843433993848,
241,【洛天依原创】雨熄花止【咏吟轩】,2.7,696,2014-01-06,小鸟游六发丶,www.bilibili.com/video/av900998?from=search&seid=17041425843433993848,
240,【古风】【洛天依原创曲】春思【原野婆婆纳】,2.7,771,2014-01-16,黑方Serge,www.bilibili.com/video/av913686?from=search&seid=17041425843433993848,
244,洛天依挑战最佳演唱的「卷珠帘」,2.7,436,2014-01-16,yoyo幫尼,www.bilibili.com/video/av913751?from=search&seid=5525186386562034786,
237,【言舞古风原创曲】落桃书 [Sr、OQQ、果汁凉菜],2.7,465,2014-10-11,星璇の天空,www.bilibili.com/video/av1611831?from=search&seid=17041425843433993848,
239,【洛天依原创】八声甘州遍【古风民谣】【隋唐英雄】,2.7,405,2015-10-05,鸟爷,www.bilibili.com/video/av3011778?from=search&seid=17041425843433993848,
243,【乐正龙牙X乐正綾】狐言【龙绫组，非骨科】,2.7,538,2017-07-06,崩爹的字母,www.bilibili.com/video/av11938418?from=search&seid=5525186386562034786,
246,【乐正绫】君临天下【P2有毒 勿点】,2.6,1623,2016-02-06,Ace丨Zero,www.bilibili.com/video/av3766217?from=search&seid=5525186386562034786,
245,【乐正绫】王者荣耀百里守约同人曲《守约》【原创曲】,2.6,928,2017-09-02,飞奔酱子,www.bilibili.com/video/av14078276?from=search&seid=17041425843433993848,
251,【天依调教】清风醉梦（悠扬版）,2.5,764,2013-01-17,雨霖仙,www.bilibili.com/video/av442893?from=search&seid=17041425843433993848,
250,【洛天依】有美人兮,2.5,579,2013-10-13,吾不禁英俊地笑了起来,www.bilibili.com/video/av794388?from=search&seid=17041425843433993848,
247,【洛天依古风原创】望君归【无名社】【半全能P主,2.5,823,2014-04-06,无名社,www.bilibili.com/video/av1046231?from=search&seid=17041425843433993848,
249,【东方栀子原创曲】《执茉》/古风/栀子同人社,2.5,1339,2015-02-25,差分机尸羽,www.bilibili.com/video/av2042487?from=search&seid=17041425843433993848,
248,【乐正绫原创】墨染春秋【PV付】,2.5,487,2017-02-07,无刃妖影,www.bilibili.com/video/av8452606?from=search&seid=17041425843433993848,
252,【甘泽谣系列】如懒残言【言和原创曲】,2.5,449,2017-04-20,康师傅の海鲜面,www.bilibili.com/video/av9961025?from=search&seid=5525186386562034786,
257,芝麻糊天依-人设、治愈、钢琴、胖次,2.4,578,2013-12-05,Days的Wing翼,www.bilibili.com/video/av861125?from=search&seid=15152702373453843942,
258,【芝麻糊天依】门外（民国风Bossa Nova夏日清新）,2.4,386,2014-08-07,Days的Wing翼,www.bilibili.com/video/av1384938?from=search&seid=10756944575212215454,
254,【初音古风】大梦宫.SolPie,2.4,778,2014-09-05,SolPie,www.bilibili.com/video/av1502207?from=search&seid=17041425843433993848,
255,【牵丝戏】【心华戏腔】【千樱】,2.4,446,2015-05-28,赤夜千樱,www.bilibili.com/video/av2373947?from=search&seid=17041425843433993848,
256,【洛天依原创】春日迟迟【无名社】,2.4,599,2016-06-08,无名社,www.bilibili.com/video/av4902892?from=search&seid=17041425843433993848,
253,【星尘原创曲】剑雪清寒【PV付】,2.4,359,2017-03-25,没有龟壳的乌龟,www.bilibili.com/video/av9381934?from=search&seid=17041425843433993848,
265,【洛天依】一页长安,2.3,681,2013-02-13,水琴,www.bilibili.com/video/av470931?from=search&seid=12702124884784596400,
260,【天依诛仙印象曲】碧玉谣【原创PV付】,2.3,742,2013-07-11,皓月-moonqshine,www.bilibili.com/video/av643740?from=search&seid=17041425843433993848,
267,【听歌向】洛天依三首最美古风歌曲,2.3,739,2014-02-19,Ajay殿下,www.bilibili.com/video/av974028?from=search&seid=12702124884784596400,
271,【洛天依翻唱】旋转吧！雪月花！,2.3,696,2014-08-25,御海龙,www.bilibili.com/video/av1460516?from=search&seid=5525186386562034786,
270,【洛天依】爱莲说,2.3,540,2015-04-12,苏若藓,www.bilibili.com/video/av2213232?from=search&seid=12702124884784596400,
262,【洛天依X言和X乐正绫】人间清欢【古风翻唱】,2.3,901,2015-09-19,明遥vicky,www.bilibili.com/video/av2926124?from=search&seid=12702124884784596400,
263,【原创洗脑】《楞严经》——洛天依、乐正绫,2.3,426,2015-09-25,芹菜猪肉大馄饨,www.bilibili.com/video/av2952747?from=search&seid=12702124884784596400,
266,洛天依古风原创【华韵】谨以此曲愿中华文明永世昌盛,2.3,667,2015-10-14,无刃妖影,www.bilibili.com/video/av3058902?from=search&seid=12702124884784596400,
261,【言和古风原创】一别凡尘【一图流PV付、无刃妖影】,2.3,366,2016-10-25,无刃妖影,www.bilibili.com/video/av6819774?from=search&seid=12702124884784596400,
269,【洛天依古风原创】几世繁忧,2.3,425,2017-03-11,空气凝,www.bilibili.com/video/av9103645?from=search&seid=12702124884784596400,
264,【洛天依&amp;乐正绫】乱尘戏【原创pv付】,2.3,398,2017-04-18,颜兮君,www.bilibili.com/video/av9937260?from=search&seid=12702124884784596400,
268,【言和·乐正龙牙】四季折之羽【龙言向】,2.3,440,2017-06-28,问剑不得,www.bilibili.com/video/av11702794?from=search&seid=12702124884784596400,
259,【乐正绫原创】逢雪怜牡丹 - 魔道祖师金凌角色曲 by 一堆拼音 (pv付),2.3,483,2017-07-21,一堆拼音yiduipinyin,www.bilibili.com/video/av12430861?from=search&seid=17041425843433993848,
273,【洛天依X皓月】国风原创曲——洛神卷,2.2,788,2012-08-13,皓月-moonqshine,www.bilibili.com/video/av333906?from=search&seid=5525186386562034786,
274,【洛天依原创】古浪客栈魔法幻想曲【裕剑流】伪中国风,2.2,950,2013-05-30,裕剑流P,www.bilibili.com/video/av583535?from=search&seid=5525186386562034786,
272,【洛天依】-牵丝戏-【自调 (伪) 戏腔】,2.2,530,2015-02-22,白衣小昭,www.bilibili.com/video/av2032258?from=search&seid=12702124884784596400,
276,【洛天依】风萤月,2.1,489,2012-11-03,阿虚kyon,www.bilibili.com/video/av387264?from=search&seid=12702124884784596400,
280,【洛天依·言和】牵丝戏,2.1,313,2015-04-02,內田小鳥,www.bilibili.com/video/av2168742?from=search&seid=12702124884784596400,
283,【芝麻糊天依】奇妙与旋律.小清新民国风(Days乐团，Ray雷）,2.1,539,2015-11-08,Days的Wing翼,www.bilibili.com/video/av3190899?from=search&seid=10756944575212215454,
275,【星尘V4】风萤月【原pv】,2.1,577,2016-05-05,黑方Serge,www.bilibili.com/video/av4565738?from=search&seid=12702124884784596400,
279,【洛天依 乐正绫】步戏【翻唱】【一图流】,2.1,428,2016-05-29,IcyDesiRe,www.bilibili.com/video/av4799752?from=search&seid=12702124884784596400,
277,【乐正绫翻唱】染殇【溱绫/洋芋/司令】【pv付】,2.1,438,2016-07-21,溱绫西陌,www.bilibili.com/video/av5425267?from=search&seid=12702124884784596400,
281,【洛天依原创】秋月泪【小新Xin-Kun】【中国风Dubstep】,2.1,438,2016-08-08,小新X-K,www.bilibili.com/video/av5715291?from=search&seid=5525186386562034786,
278,【乐正龙牙】少年西游行【原创燃曲】斗破九天云霄【归墟】,2.1,652,2017-07-14,O2O归墟原创,www.bilibili.com/video/av12183764?from=search&seid=12702124884784596400,
282,【初音未来＋全中文VOCALOID】 christmas eve 中文版 【ごぼうP】,2.1,858,2017-09-22,ごぼうP,www.bilibili.com/video/av14680379?from=search&seid=5525186386562034786,
284,【洛天依】红尘客栈,2,837,2013-01-14,萌蛇,www.bilibili.com/video/av440640?from=search&seid=16004111459719531347,
294,【洛天依】《涛声依旧》经典中国风老歌翻唱（烂兔子P）,2,790,2013-07-05,鸣子兔,www.bilibili.com/video/av632675?from=search&seid=5525186386562034786,
286,【洛天依翻唱】【古风】锦鲤抄,2,476,2013-07-07,锦夜VomyraK,www.bilibili.com/video/av636566?from=search&seid=16004111459719531347,
293,【洛天依x言和】中国结【国庆原创贺曲】,2,770,2013-10-02,康师傅の海鲜面,www.bilibili.com/video/av780342?from=search&seid=5525186386562034786,
288,【洛天依・言和】四季折之羽【古风填词】,2,629,2014-03-11,內田小鳥,www.bilibili.com/video/av1005641?from=search&seid=16004111459719531347,
295,【洛天依原创】寄清梦【小爱P】,2,523,2014-09-19,小爱P,www.bilibili.com/video/av1543115?from=search&seid=9582679352301169375,
292,【洛天依】相思垢【汉服中国风MMDPV】,2,380,2014-12-08,御海龙,www.bilibili.com/video/av1783978?from=search&seid=5525186386562034786,
290,【乐正绫】棠梨煎雪,2,441,2015-07-20,苏若藓,www.bilibili.com/video/av2598398?from=search&seid=16004111459719531347,
285,【乐正绫】权御天下（高音质版）【原PV付】,2,669,2015-08-20,夏千夜,www.bilibili.com/video/av2769928?from=search&seid=16004111459719531347,
289,【乐正龙牙、乐正绫】惊鸿一面【调：鬼面P】,2,545,2017-07-06,鬼面P,www.bilibili.com/video/av11922844?from=search&seid=16004111459719531347,
287,【乐正龙牙·KAITO·镜音连】将进酒【中日双语调教】,2,1196,2017-08-09,雪银_,www.bilibili.com/video/av13130678?from=search&seid=16004111459719531347,
291,【洛天依原创】琴铮铮【红颜志】,2,364,2017-08-26,阿原Adam,www.bilibili.com/video/av13820287?from=search&seid=5525186386562034786,
300,【快晴出品】天依中国风计划第一弹 《芊芊》,1.9,754,2012-08-07,快晴魔理沙,www.bilibili.com/video/av329092?from=search&seid=9582679352301169375,
297,【洛天依&amp;VY1原创】落樱谣【不动声社】,1.9,736,2013-08-29,不动声社,www.bilibili.com/video/av737993?from=search&seid=16004111459719531347,
298,【洛天依原创】长青赋【古风PV付】,1.9,572,2015-07-04,安陵影钦,www.bilibili.com/video/av2524925?from=search&seid=16004111459719531347,
296,【洛天依·乐正绫古风原创曲】展眉（原创PV付）,1.9,380,2016-04-02,墨白茜兔,www.bilibili.com/video/av4250993?from=search&seid=16004111459719531347,
299,【言和中国风原创】半世流殇【附原创PV】（Varied）,1.9,855,2016-08-04,废柴の琉璃酱,www.bilibili.com/video/av5648906?from=search&seid=9582679352301169375,
305,【洛天依】沧海红颜【古风填词】,1.8,589,2013-03-23,花间月饼,www.bilibili.com/video/av511635?from=search&seid=16004111459719531347,
306,【洛天依中国风翻唱】三国杀,1.8,690,2013-08-13,yoyo幫尼,www.bilibili.com/video/av706029?from=search&seid=9582679352301169375,
301,【洛天依翻唱】卷珠帘【PV付】,1.8,604,2014-01-24,TUSAO迪克,www.bilibili.com/video/av926932?from=search&seid=16004111459719531347,
307,【Sr】参商【洛天依翻唱】,1.8,599,2014-04-14,西凉若若,www.bilibili.com/video/av1062825?from=search&seid=16952706933758319340,
304,【洛天依古风原创】问君【无名社X醉秋辞】,1.8,396,2014-09-25,无名社,www.bilibili.com/video/av1558815?from=search&seid=16004111459719531347,
302,【洛天依原创】妃倾天下【古风】,1.8,313,2016-09-17,林子丶点滴,www.bilibili.com/video/av6324735?from=search&seid=16004111459719531347,
303,【初音调教手册vol.3】这些中文p主，才是b站元気的电力！乾杯！,1.8,404,2017-05-09,极地Gdgames,www.bilibili.com/video/av10430172?from=search&seid=16004111459719531347,
312,【洛天依】月西江【锦落社】,1.7,657,2013-06-27,漂泊的木筏,www.bilibili.com/video/av620325?from=search&seid=336560757642404073,
315,【洛天依】会日何难 v2,1.7,466,2013-10-25,吾不禁英俊地笑了起来,www.bilibili.com/video/av809194?from=search&seid=336560757642404073,
317,【初音MIKU×Kaito】本能寺之月 （《权御天下》日文版）【汉译付】【PV付】,1.7,383,2015-05-23,不地川,www.bilibili.com/video/av2354331?from=search&seid=336560757642404073,
316,【洛天依原创】尘梦忆仙（记仙剑20周年）,1.7,540,2015-08-20,苏若藓,www.bilibili.com/video/av2773287?from=search&seid=336560757642404073,
311,【花柳斋出品】孙尚香【南北组古风原创】,1.7,482,2016-02-15,空气凝,www.bilibili.com/video/av3842718?from=search&seid=16004111459719531347,
319,【ZIBO】我的世界【洛天依原创曲】,1.7,461,2016-02-27,ZIBO资博,www.bilibili.com/video/av3967318?from=search&seid=9582679352301169375,
310,【折v】化萤之戏【星尘】【牵丝戏+腐草为萤】【短版】,1.7,595,2016-04-30,折折折折v,www.bilibili.com/video/av4509730?from=search&seid=16004111459719531347,
313,【洛天依】不老梦,1.7,302,2016-09-17,苏若藓,www.bilibili.com/video/av6311051?from=search&seid=336560757642404073,
318,【徐娇feat洛天依-原创PV付】武娘,1.7,1132,2016-11-11,郑宫宫,www.bilibili.com/video/av7049945?from=search&seid=9582679352301169375,
314,【乐正绫原创弦乐古风】久徊【星辉p】,1.7,580,2016-12-02,星辉_p,www.bilibili.com/video/av7349411?from=search&seid=336560757642404073,
309,【东方栀子Blossom】和光同尘【新音源配布曲（冬）】【栀子同人社】,1.7,544,2016-12-27,东方栀子Blossom,www.bilibili.com/video/av7719689?from=search&seid=16004111459719531347,
308,【洛天依言和乐正绫原创】不闻情歌【litterzy】,1.7,484,2017-10-09,litterzy,www.bilibili.com/video/av15228907?from=search&seid=16004111459719531347,
329,【洛天依原创曲】再见，地球【咏吟轩】（自我洗白作）,1.6,588,2013-07-19,桐叶_tongye,www.bilibili.com/video/av658350?from=search&seid=17555914592696418784,
320,【洛天依中国风翻唱】&quot;芊芊&quot;再临！,1.6,534,2013-07-30,yoyo幫尼,www.bilibili.com/video/av677545?from=search&seid=336560757642404073,
323,【洛天依古风原创】剑洒天霁【无名社X醉秋辞】,1.6,309,2014-11-07,无名社,www.bilibili.com/video/av1689531?from=search&seid=336560757642404073,
322,【洛天依】月下独酌【戏腔】,1.6,563,2015-02-25,co桑就是老子,www.bilibili.com/video/av2045657?from=search&seid=336560757642404073,
326,【言和】清平乐·念【一图流存档】【空色幻奏】,1.6,605,2015-04-15,の空色幻奏の,www.bilibili.com/video/av2221052?from=search&seid=336560757642404073,
324,【洛天依翻唱曲】忆红莲,1.6,312,2015-05-10,理科生天依酱,www.bilibili.com/video/av2309728?from=search&seid=336560757642404073,
321,【言和】临安初雨【COVER】,1.6,485,2015-07-12,谷子HM,www.bilibili.com/video/av2561210?from=search&seid=336560757642404073,
327,【幻晓伊古风原创】《泠然》,1.6,468,2016-12-22,boxstar,www.bilibili.com/video/av7644852?from=search&seid=336560757642404073,
328,【小旭PROX洛天依】守宫砂【绛舞乱丸】何芳子传奇竟然是这样的,1.6,337,2017-05-19,小旭PRO,www.bilibili.com/video/av10664618?from=search&seid=9582679352301169375,
325,【洛天依原创曲】青花引,1.6,302,2017-07-16,轻轩P,www.bilibili.com/video/av12234448?from=search&seid=336560757642404073,
335,言和第二张官方专辑The Stage 2试听PV,1.5,590,2013-11-05,ニマス,www.bilibili.com/video/av823387?from=search&seid=854059890036090138,
337,【洛天依】朱砂泪（仙四）,1.5,428,2015-05-01,苏若藓,www.bilibili.com/video/av2273982?from=search&seid=854059890036090138,
330,【洛天依】嫦娥（调教：樱花吹雪丶）,1.5,756,2015-07-12,樱花吹雪丶,www.bilibili.com/video/av2562682?from=search&seid=336560757642404073,
338,【洛天依原创】【画乡】【重置】【雅舍】,1.5,449,2015-10-20,棠风戏子齐忧,www.bilibili.com/video/av3091318?from=search&seid=9582679352301169375,
333,【言和】君临天下【影随龙风】,1.5,511,2015-11-02,影随龙风,www.bilibili.com/video/av3156818?from=search&seid=854059890036090138,
331,【初音ミク V4xβ】权御天下【跨语种汉语调校】【音源测试向】,1.5,359,2016-05-21,B的两次方,www.bilibili.com/video/av4721141?from=search&seid=336560757642404073,
336,【心华&amp;言和】狐言（原创PV付）（伊优、POiSON、Creuzer）（VOCALOID COVER）,1.5,342,2017-05-22,Creuzer,www.bilibili.com/video/av10741506?from=search&seid=854059890036090138,
332,【心华】新·九九八十一【完！整！版！】【折v】,1.5,457,2017-08-27,折折折折v,www.bilibili.com/video/av13868574?from=search&seid=336560757642404073,
334,【洛天依原创】杏花巷【著小生/半木生】,1.5,362,2017-09-15,著小生zoki,www.bilibili.com/video/av14475975?from=search&seid=854059890036090138,
341,【洛天依】菁华浮梦,1.4,415,2012-12-23,卸坂美琴,www.bilibili.com/video/av421826?from=search&seid=9582679352301169375,
343,【洛天依原创】浮游晏龙传【裕剑流】伪中国风【猎奇剧情注意】,1.4,384,2013-06-15,裕剑流P,www.bilibili.com/video/av603308?from=search&seid=9582679352301169375,
339,【洛天依】仙剑抄（PV付，言和和声）,1.4,549,2015-06-27,苏若藓,www.bilibili.com/video/av2487920?from=search&seid=854059890036090138,
340,【洛天依原创】秋风词【清文社】（PV付）,1.4,379,2015-08-08,清文社,www.bilibili.com/video/av2701750?from=search&seid=854059890036090138,
342,【乐正绫x言和原创】三国·千古叹（真三pv付）,1.4,324,2016-02-24,八月不太热,www.bilibili.com/video/av3934786?from=search&seid=9582679352301169375,
344,【言和x洛天依】杨花雪（放心这次是正常的）,1.3,395,2014-01-10,纳兰寻风,www.bilibili.com/video/av906054?from=search&seid=854059890036090138,
345,【洛天依】相思落尽泪归尘【PV付】,1.3,572,2014-04-08,我乃小施,www.bilibili.com/video/av1051952?from=search&seid=854059890036090138,
348,【东方栀子×洛天依原创曲】《回首南巷》【原创PV付】,1.3,721,2015-08-22,松野莫皖,www.bilibili.com/video/av2785769?from=search&seid=17555914592696418784,
347,【洛天依乐正绫言和心华星尘】流年碎片【砖厂浪人/林子点滴】,1.3,443,2017-06-08,砖厂浪人,www.bilibili.com/video/av11171990?from=search&seid=854059890036090138,
349,【乐正绫/洛天依】前尘如梦【溱绫/松鼠】【小剧场付】,1.3,553,2017-07-06,溱绫西陌,www.bilibili.com/video/av11928548?from=search&seid=2627891403852733750,
346,【九九八十一】当三代传说曲融合是怎样的效果?,1.3,324,2017-07-15,剑指辰寰,www.bilibili.com/video/av12218164?from=search&seid=854059890036090138,
353,【洛天依】青衫隐,1.2,423,2012-12-29,卸坂美琴,www.bilibili.com/video/av426684?from=search&seid=3061189408392360629,
354,【洛天依】长歌煞,1.2,342,2013-02-22,水琴,www.bilibili.com/video/av482610?from=search&seid=3061189408392360629,
352,【洛天依 言和】梨花蒹葭【重制】,1.2,477,2013-09-10,Lw222,www.bilibili.com/video/av754679?from=search&seid=3061189408392360629,
357,【言和】昆明湖,1.2,374,2014-06-12,纳兰寻风,www.bilibili.com/video/av1192687?from=search&seid=6496894767740530293,
358,【南北组合唱】 - 三月雨【重置版】,1.2,336,2015-07-23,litteF渣形态,www.bilibili.com/video/av2615729?from=search&seid=17992188428178535618,
350,【洛天依】寒衣调,1.2,369,2015-08-07,飘叶v逐风,www.bilibili.com/video/av2699669?from=search&seid=3061189408392360629,
351,【洛天依/乐正绫】声律启蒙-江,1.2,391,2016-04-04,石光·凡音,www.bilibili.com/video/av4276137?from=search&seid=3061189408392360629,
356,【乐正龙牙】逐梦令【戏腔付】,1.2,381,2017-07-01,古小枫i,www.bilibili.com/video/av11785477?from=search&seid=3061189408392360629,
355,【言和原创曲】大祀官【海鲜面x邪叫x纳兰】,1.2,923,2017-10-26,康师傅の海鲜面,www.bilibili.com/video/av15723437?from=search&seid=3061189408392360629,
362,【言和原创】云溪赋【原创词曲PV】,1.1,433,2013-08-25,康师傅の海鲜面,www.bilibili.com/video/av730689?from=search&seid=9012827258510375631,
364,【洛天依】春来发几枝【重调教 by pineapple】,1.1,346,2013-11-01,pineapple,www.bilibili.com/video/av817600?from=search&seid=8200733078364259746,
363,【洛天依】梨落素影（雨霖仙作品）,1.1,324,2014-05-04,雨霖仙,www.bilibili.com/video/av1104090?from=search&seid=9012827258510375631,
361,【小苹果古风填词】言和翻唱《小壮士》,1.1,471,2014-06-17,一只滑叽叽,www.bilibili.com/video/av1207713?from=search&seid=9012827258510375631,
359,【Days-西门振】新春好（猴赛雷人设-洛天依，乐正绫）,1.1,305,2016-02-13,Days的Wing翼,www.bilibili.com/video/av3821414?from=search&seid=3061189408392360629,
360,【洛天依乐正绫原创】江南纸伞【Vsinger创作赛】,1.1,521,2017-03-17,哆啦A猛叔,www.bilibili.com/video/av9213234?from=search&seid=3061189408392360629,
366,【洛天依】妻书（百合向）,1,498,2013-02-06,死克星,www.bilibili.com/video/av463485?from=search&seid=9012827258510375631,
368,【落花情】【洛天依】【古风】【千樱】,1,355,2015-06-06,赤夜千樱,www.bilibili.com/video/av2405000?from=search&seid=9012827258510375631,
365,【洛天依X乐正绫】山川挽歌【古风翻唱】,1,357,2015-12-14,明遥vicky,www.bilibili.com/video/av3387802?from=search&seid=9012827258510375631,
367,【洛天依.言和.乐正绫.心华】雾霾千年【雾霾风PV付.霜雪千年填词】feat.miku,1,367,2016-02-07,清风雅荷,www.bilibili.com/video/av3776953?from=search&seid=9012827258510375631,
370,【乐正龙牙、乐正绫】红妆【调：鬼面P】,1,322,2017-09-02,鬼面P,www.bilibili.com/video/av14109297?from=search&seid=9012827258510375631,
369,【洛天依原创古风】《别来岁久》【踏云社】原创pv付，抒情古风歌曲【盏月陆离·原创古风】,1,315,2017-09-17,盏月陆离,www.bilibili.com/video/av14526475?from=search&seid=9012827258510375631,